mint,status,reasons
ExuKvW3M8fax38bNWUg51f3q8SgeN8y4ZDfvnmSNpump,not_scam,
3jvWPFs2eHB3e6yWHpoDHWRv8WqiZKj69XzyYMnEpump,scam,Бандл с девом (индекс: 2)
FxHCk2efRrKnxJSWXCmho2MgfDo59G2B4S8fzc5Qpump,scam,Бандл с девом (индекс: 2)
BsxhdgLEbxdzQdjv2ELn4AqUH9rKyh4tv63hoYp3kFZF,scam,Бандл с девом (индекс: 2); Минт не заканчивается на 'pump'
2tbaJxDNtQGmNt7H9TzJE4zGt2fa4EnVLpnDckofWdCh,scam,Бандл с девом (индекс: 2); Минт не заканчивается на 'pump'
2vJhk4yuQ4cg7pb4h9omgDfFzmXZYrUqu6eSbhAKpump,scam,Бандл с девом (индекс: 2)
CCnzmkJgnYKAS6FkYpmrNDqxREtUJUPJAC7SZr4Bpump,scam,Бандл с девом (индекс: 2)
8bP5qtkqGS2imWh6TYi6UPYXdnpVtQvpseMpbnTmsgQP,scam,Бандл с девом (индекс: 4); Минт не заканчивается на 'pump'
Ab9k6RELLn96SYfAYUmPnqNKzBdDACZkiyeJobkopump,scam,Бандл с девом (индекс: 2)
8gHPxqgHj6JQ2sQtMSghQYVN5qRP8wm5T6HNejuwpump,not_scam,
8YomPHdswjZfm7zTQ5TbsMBjfnWYLKVbPrxYs1Ypump,not_scam,
5mNi3v81qSin4bBuPoPTL2b2ZUE9N6WxXJho3BtRpump,not_scam,
ADtDbkE4hsZe5RMs4bXV2derFisVFwH2V3Vv4knPpump,scam,Бандл с девом (индекс: 2)
Cs4uaegB2DCB4pdK3mZ9Uj3DcdXGZwfAwZS7CprPpump,scam,Бандл с девом (индекс: 2)
8CMkEaoKtVE5Cm9qmQmJXpdUCYtfRtz6FcBFqhXbpump,scam,Бандл с девом (индекс: 2)
ExSE1uheh48xcUedD8bGsXFq4tyhYm61TS9VVYxNpump,not_scam,
BSWxHEWneTvU8yPwijif9RF8fT3mBYR8fU5FKFS2pump,not_scam,
FfjR46Hmq6Bz5Hni4gAFymWwFBNKD1meBdWgLvAjpump,not_scam,
2MQBBB452CDL5qSaud6aJRPoPh2ew2pHx9Fuet2Hpump,not_scam,
FDoG8eDLqjCKaSwxH79b1fTXLGPve7iaGttvfvJEpump,not_scam,
6qSE5aDn41LjNUAAGiefndh6xUZyq1iKQNDG77Uvz6tK,scam,Минт не заканчивается на 'pump'
GcTTUG84MLcebSoUeFu2wqpxToicAAu4KcwkvpULpump,not_scam,
8TB839qbTwb6Lf21ccKBc74A2f88ZDLQxxKoHcsVpump,not_scam,
5SwQkNnXW4D4vEk2hFeiev6s3eegU2fE8885fYP9pump,scam,Бандл с девом (индекс: 2)
Asu3Mka8uJfrMXmtotERGU9x8KSQ5pCQgFJbYNNzpump,scam,Бандл с девом (индекс: 2)
95PvnFKpLD4TNc7F4Q4MkuKguqz42ivi6h5hsUaApump,scam,Бандл с девом (индекс: 2)
GsLjrzfmC6eZLySJT7QnmVWBQVK7RoxgUvixkSh6pump,not_scam,
BSbb9pfw9ESS5wjN6QKVckumXSbP84nGkeTjicjKpump,not_scam,
588q5vFJ76Fx3BQX8HhVkSdctaf8EtbmJe9rQgrkpump,not_scam,
6QHEoJNeVVhknjSonyGzniEEDybEiPTs7KGXsUNwpump,not_scam,
5mHD5MpGW6EDpwvCFNrJpLJ5sT4zU1LoYdY3ZZB2pump,not_scam,
DsN2fvK8moRbmZ3bAxgXTdZ815Wzrap2JUhNiX94pump,not_scam,
wqxzi9e4JhPEu9s9Yh7DSXL2sVvYKAm4pNtvsnepump,not_scam,
5C6P5poZDP89aKU7PYj6n7V6uqidZwXLhYabGL1ypump,scam,Бандл с девом (индекс: 2)
AuM4HSDHqCKf3Dre5isfmDowaHsF1LqwfkfwXSyRxJ7H,scam,Минт не заканчивается на 'pump'
5cKaxcoLhjc5A3gUD9nCFRfm69iMiggTHpafz4Gipump,not_scam,
3zJ1QSmnM3WkeShn5iM3ffrzJX3vsihRg6VnPxLgpump,not_scam,
GrL4BkQmYvWTNUtUcqsnskURVWeHzNmrqgrAfaqTpump,scam,Бандл с девом (индекс: 2)
BG3mbKZRKETseejyZyqNrZiB1Ar6rB8KQTERBSHGpump,scam,Бандл с девом (индекс: 2)
GVAq1KttLzMzFJ73MMzLY6c5957WtSN5LLCNWhropump,not_scam,
EU9SUNfzctUGDtSb85GacA3hBVE3kFdyvwRqGrvfJaqu,scam,Минт не заканчивается на 'pump'
2V6Gkb7UA9Ku1KvY6niMpHzZCQy45Km79zdy9gm9pump,not_scam,
7iRXXW9yAvxeWnvqEPwBnEcSZcwfTmSJSDA84x1CTrWM,scam,Бандл с девом (индекс: 2); Минт не заканчивается на 'pump'
3J7SdHPYjdbH4XJ7zk8LVyNM9y973Dtbxr6rYVYNpump,not_scam,
EPjFWdd5AufqSSqeM2qN1xzybapC8G4wEGGkZwyTDt1v,scam,Минт не заканчивается на 'pump'
GNixNWavKGtkwhatUxA8ZYN3WP2hkFcyVycRf6Cwpump,scam,Бандл с девом (индекс: 2)
UBaP8gFW9GJ92VtP135xExEHpFvj7NAHz5KDq1opump,not_scam,
CQWQsEAnpfibCyPwUomeHioYGebycPYxnNsykT2Zpump,not_scam,
EvgJv49q9qddfUETK8MNhvDF13Axybwx3hqKV3Tipump,not_scam,
DG1Tdrs7QKQHXoCxza8D8uiiR9viNmYe6e5S5CCkpump,not_scam,
E848LK2YRJexS6UkTvMzqELtXqf7odpBmbFSMSQKpump,not_scam,
85ZPaVi3dGePrkbjfqn8Z8TTtz5hudd5Ch1CDYDapump,not_scam,
21WamXjuX2LYLegJFtZrevB25MnNFdvscco7ekCypump,not_scam,
5c5SU6Kee2KddqLPEFT3gS75PNStuok4KULSdMbmpump,not_scam,
5gq44v2mEG7KN9chXpNTg74HDLGb5ToLsadPEW5rJZpU,scam,Минт не заканчивается на 'pump'
3GiycnkHkGBvzxKUJAPaYKn97oak6MJrFyYUSAjHpump,not_scam,
9B98YVEYVRpmSEtAug1DagtWaEfk2GtZHTTbr6Kbpump,not_scam,
Gd9LHUzXjhQgeWuwiCLUokJ7K89HPLk8kgP269wPpump,not_scam,
G9PTqmM7oZEPJkkpzMkLoJ5o7heopKANGnC3nQcqpump,not_scam,
4aKp8eTWDvZAUdvquY34tf1zPFokqViEmEngKJF7pump,not_scam,
4vYsvczS8nhqZVTMqvYfhmKQEQ8nd6NBYLnZAyYgQ46M,scam,Минт не заканчивается на 'pump'
4erUwENiJNbsCvSz7eUezEydqNjwWnTxqGFb9Jndpump,not_scam,
7qaQRH87VV63AbsLv28uYjob3QGUih5YNQ2sgoXqpump,not_scam,
7Wu9kARZBdy4YNZ4NsU4EAYitMS1CHk8xzEPHAyHpump,not_scam,
HRe2HKJ4gv2kFvGR2PhkRcuiWY2Fnn87Enf4tGYJpump,not_scam,
HhvBV63tueSg8WFCcPCktJMSDBGodwZVez5JYercpump,not_scam,
EvzZMpCYgb8T1KRvtZHzL8fkE1znU2wpDXYtTqTYpump,not_scam,
E9qT2T2YHfD67X7VKXZ7PWGnhaZ1nYdEBGbx9xbKpump,not_scam,
Du5T1TANDs4de5qFKPThzNCrkYs6Yt96QC3fVAkRpump,not_scam,
6iuVJPVzTr1pzPBK1TCjKQ3QeohveW4CVtvSxMpnpump,not_scam,
4www82zxPchUzkjNtSY8FwkXYPn5vP1i7yVWbdwgpump,scam,Бандл с девом (индекс: 3)
2hXQn7nJbh2XFTxvtyKb5mKfnScuoiC1Sm8rnWydpump,not_scam,
GZucWg3G5YSmnbVCmJa1MRCgyZRzTYyExfnpU9C7pump,not_scam,
Bxi2hMcGGVoKGQqiWUHNBSfXudj2H59Tvwn636G9pump,not_scam,
Ah6j32fbcDwYvmUFQubuCG688YyhScEKYgUUpxZEpump,scam,Бандл с девом (индекс: 2)
C56say1io8uGLCPzxRYtcwoN5JXKc4E8wcSnQJj9pump,not_scam,
8zMVohamT5jRW2eQ8iEzFFcYUtbMLVkuvksZ7ur7pump,not_scam,
GVp2nRsyA1NyZB1uYarrwkWcKwkmapGTdnngfDDDpump,not_scam,
DdyejLaw3eeocdAxFG1b8GqyxqzWUqABTKePfYUWpump,not_scam,
5S5DJWH3JSBfhWh6c2NRmUisLCQ4TKNSMWQvNpvkEEBy,scam,Минт не заканчивается на 'pump'
9CgWmTSsLN3JTLeHTcdsTrZexu5mZUDCvNQ1dS8Zpump,scam,Бандл с девом (индекс: 2)
DRmkhMEPicHoSDsDTE6FscA1Ve4YHjVKftRthzaapump,not_scam,
L2BPUfdK12obTWn6tdLo8qLUsczZ2aqydfnTkMGpump,not_scam,
E3suTus9TiuLZC7Rb9AAdaSUoR54CHTVQk4FAtAtpump,scam,Бандл с девом (индекс: 2)
7Ka8UbM5xeEWbRr8hBaf7jGKAmoFGV5JLs7LNfLRpump,not_scam,
ERmG6hXAzEsRhaHJRXNxEB1zt1XffpezZFHPPsMXpump,not_scam,
C5jxfYR2xwPTgZoDuEh8HerEc7ZpbarwWDBmipPLpump,not_scam,
HsMeHfBDg5w9BEvXcx46futKzUf2iexDonVx7xADpump,not_scam,
rXT1aCsp6q1PmTxdTDwm5NXrykakaMjbVyvbFmYpump,not_scam,
Es9vMFrzaCERmJfrF4H2FYD4KCoNkY11McCe8BenwNYB,scam,Минт не заканчивается на 'pump'
DKpD3SRCxjhfCFQ5dCQ4dHjfNXZYSb7Qwspkpbpdpump,not_scam,
FJzj2r6SEAez2oYnwf5wd8pixP9YhY2ayjBcSVLfpump,not_scam,
BGkF4RySV5fJG5PcpUYgMUiPqy66Q8pRuyme95B3pump,scam,Бандл с девом (индекс: 2)
teUWXDEMdPsr1ginnNNw3o83e595GaGU896GYpx78fc,scam,Бандл с девом (индекс: 2); Минт не заканчивается на 'pump'
CtHkBrV5wjJ9UA5t3DNEYhgmKaLjXtFYs3o5LrAEpump,not_scam,
HYJxi6ZkxwHG5UPakYVDQKJyx2nFUCJwGNp3EqY3pump,not_scam,
2RbixFoLTfX5uRoqpdWsNAQMyML2HM3Nxmj8WFyrpump,not_scam,
AUGqz1j4MjtxTcjdxumHj3pFd2XdyoeKZHVYDPT8pump,not_scam,
9aNUUUjwHQ2sBJRBqQLriqdeoTputWKvi2gUeaa8pump,scam,Бандл с девом (индекс: 2)
HwDzKYj6ZL5PNFtyhgp96EFHSUjiVG7W4j3tmbL4pump,not_scam,
TPTGEZeUag6LQJKnbLFKPRhrkVe8gxTincGcGgGpump,not_scam,
9L78xJCDHRadfNrVCJ75KekCSiipZJkzcfsfXMxJpump,not_scam,
5BA3jaMPKw63DqFtc1JXBcb7hBYdyaFVMQMWg1Pkpump,scam,Бандл с девом (индекс: 2)
FDKXEscA1uDgyakxkKLm1orDAbSHvg3c3JZwJA17pump,not_scam,
5C6vqTcK7sUVDnZEMeLq4e7tNvGj1HcfEzdZdfDDpump,not_scam,
231qF4dUkgbfzq9ENHoqhLzWd15NZ5gPQXBRu5kMpump,not_scam,
DCizZnHVtAMjZyWLCfWMoaMYbCSFeoSZT7SXDXuLpump,not_scam,
54AoWUuugyAJpvJYqGNYFs4odCDrJJvpkK2fgQCBpump,scam,Бандл с девом (индекс: 2)
6MsanH7Btcp4XRpc5ajA7b3bizBugeDWk53ZWa2zpump,scam,Бандл с девом (индекс: 2)
41M5LNBrKNYkJvMY4DBrotVjruVHSLYqF3EgVNtvpump,not_scam,
4vVp9CTRT7k8DiPvL9PPRm9ryKgU835vujPbtmBLpump,scam,Бандл с девом (индекс: 2)
HnywuQ26ZQ6xZ67LbbEXUtmXZz6Mkzz9zCPTpTS8pump,not_scam,
34tRyX3uumU7zXnewRN2FBbuhoB1y8TRvsGKmsY1aig1,scam,Минт не заканчивается на 'pump'
CTLVumBkffosMVqCHvDxdZAgvZuf1nYUkgbCw3j4pump,not_scam,
2W6iHrqPST7y18amdxvSFDLFAcjGYHstpHvWC83mpump,not_scam,
2K9o8rgHcyuaokf9QJ4KrvrCPh8rCy49S9oYmshApump,not_scam,
Gj8eA9RQG8PqC7huM8n6V3q5PPdWSjwKLKWJYfQfpump,not_scam,
5Zc9E5gvdqjfTY4C5zUSRLx44wX5v5xEWpgZrSmJviZx,scam,Минт не заканчивается на 'pump'
9GVQVxgSEuhVYofRpF21Gadmk3oTjFBH1kgthjbUpump,not_scam,
7XeR2pjfqocWAVmV3fefcCPgZNE4eByV2vgdcjs9pump,not_scam,
CHzTkHJetdLCG53HSX3BdXkL4MsMRNcUNkXKnqC19SXV,scam,Минт не заканчивается на 'pump'
C3k3NQffBzi9cDZtMeUoBRBAWSZvud1bHjJPXjMgpump,not_scam,
7vfCXTUXx5WJV5JADk17DUJ4ksgau7utNKj4b963voxs,scam,Минт не заканчивается на 'pump'
C2zyf9vXkv5S7ukgN62iULG6RePRgnrVN9gZZnkUpump,not_scam,
EJsUT4oARJt64iy1wxgXD77bmeEMtfgy6kznCCfipump,scam,Бандл с девом (индекс: 2)
CcqDccZyFEPfnxWg5VTfWzuZdpbbsiQWLoFa3zK5pump,not_scam,
7Y2TPeq3hqw21LRTCi4wBWoivDngCpNNJsN1hzhZpump,not_scam,
GLcy7MnYz1EDeXcEpoGtsjfc9zLyM5jFeeQsFiY2pump,not_scam,
5CHoRzcr9qkPoQJtzPqvQd8jCirHbjmkkUqa6nuXpump,not_scam,
Dzdm5eRGgBjyEegHLEJEfQohWXXE64f4yXERZg3Epump,scam,Бандл с девом (индекс: 2)
CyfX7XqWN225p6nC6HnsZFR3CfFmWjvmcMuX6zJ1pump,not_scam,
3c8Q1gZr3x6NRwhv1zAjcggZ2Fa5DGnaN8PWM3Vvpump,not_scam,
7ffT7spRDqCTsNCf1Ndpn4d9P2CWG2EFhfm1BBUcpump,not_scam,
3tqd5a7DLorqY3UZ592jMHQCNSerbesBaAEBUS6ypump,not_scam,
2htdAbmwx9FrBAeCuZVVcHEDiNkxjfoDQPKcLyuKpump,scam,Бандл с девом (индекс: 2)
6JvjeUMckovyowZ8fU6qPyhgyVB3FaHRZ1NaAyrV1hEB,scam,Минт не заканчивается на 'pump'
3VB8imFQM9qChznaW7F2yqLHZTa55P1kAe6ZzxvYpump,not_scam,
6iufnABcztPp1Ywzci1dLjoasQrZgYveSg9rLss4kwQ2,scam,Минт не заканчивается на 'pump'
GZefHYkMnMmpPGG9S3HaaWRycBSgoVFbFg4JsM5Xpump,not_scam,
E7zKwDFibU1GuvVPbHc1VAsYemfiC4KvQQ824mJRpump,scam,Бандл с девом (индекс: 2)
AekvMbPj9CHEswMadq7qJkmqMs6ZNTVYwyNijowwpump,not_scam,
HWDEZbut52dsdCJgKm9RkYkkWcTKXt1wPwn6nJEQpump,not_scam,
9dtsaDtxu2AB5mDK2AiEsj5EQg8tX7yfcZmiSM11pump,scam,Бандл с девом (индекс: 2)
AzGbEP2huyB3t1LQ4ofCHaoUm237gRv2ToaYurh6pump,not_scam,
6fp9jStMWdA4Hi83BaY5TaJeNjkzL7tTiXyu9QyRpump,not_scam,
EM2sD24zR3pKETBzbDtGKU82Kv4QANrY8mhGPfknpump,not_scam,
iSKricHQ8HySGYQbwEjWKj3Waap24GHZUxoYLbLpump,scam,Бандл с девом (индекс: 2)
E7wKn5DFMKC4xNf9tKJfp7wK93Km2UfMJHwQErZ9pump,scam,Бандл с девом (индекс: 2)
DBWr2bM5hsQK1LDZ7haoWWe376sC2XFPwoNPSXzapump,not_scam,
F3q9ZfeytCg5Mpf2VbueKA2MQsjStNi1T1xthpY2H57G,scam,Минт не заканчивается на 'pump'
C5RMtSDAHtrwzXeRejCg9LnGckBmXp4Ndnqgksbapump,scam,Бандл с девом (индекс: 2)
6HnF5CVor19j7f4Brr3iGEwzpCe3Gy2gGj2k4Xhopump,not_scam,
5fQimCA3VEUJnehXDcsBzqAG4r31zkHYA9StThAZpump,not_scam,
BD9P4gPDNsUZAG51UQtvkc5ciceWhSHhXkcSUyMgpump,not_scam,
HngFGSNYxQaCQwLesLarvtrgK3HXH9uqFxQ7bpo4pump,not_scam,
5Q4CvLjvgFyS287pVvs9sevZQQSU8GyUz1Juss2Spump,scam,Бандл с девом (индекс: 2)
W4NKczcz7rPQHV3t6bs7by93xBv7M4HtygPhReBpump,not_scam,
Dw7KuGQYtY6FE11JrbFCzrHf4RiFz4tytMf1AmUWpump,not_scam,
JDFcHVwPzj4RAW5Ze4frzyFbHK11bSXED8ytqPGLpump,not_scam,
ABUSRpXAtrzYgYsgoUZugFHoRRxGHscTKwxfv78Ypump,not_scam,
Ccy8ucBZAE41QV1muoBtxFrjBBx7cQ1Mnh9qhyM7pump,not_scam,
Bp1rfTegmLvpZGKJCmbLPHpoTepqHy3XuyqKKWAapump,scam,Бандл с девом (индекс: 2)
EpWfrHQXHnoeKDjWeJYHSgShV8LEM7Vy2YUnGQ83RTq5,scam,Минт не заканчивается на 'pump'
ArhWpyG9M58YawxU2HkaBgEVAS6bMYu7UAJGe4XKpump,not_scam,
BR2y1aCV6b43835zrzrpcCHTTHZsDXhRTuRbt2qepump,not_scam,
BsNxQsqLbLVP4cqAbDognKWVsmLpjP7sHjBEPkU4pump,scam,Бандл с девом (индекс: 3)
3WUgBH8Z1SNReVcFbj8TfC257fxfjxmwzmsYoRUbpump,not_scam,
3sbd7v3L4zxQZ9ZS7SNg2iKb7BfZkvMLyfDvtUiopump,not_scam,
6twRjwbFG5Tt6Xqtdna1LMXBmu2HSQfadMJb32AXpump,not_scam,
7QXkReazFbsLgMBbZCUSeV37whRFENpf95JXHjtXpump,not_scam,
7zQKAAHwDjfDz8rYMj9mPLUnKMaWfgoY2eNBo816pump,scam,Бандл с девом (индекс: 2)
8uXpjGqu7ZnA9Rmgpp5iksBAQ6UE7XWgDp5948oypump,scam,Бандл с девом (индекс: 2)
3QkCPg6zAeaK99dahHCqFcpjraZEeopxPcvP4HDxpump,not_scam,
6xNZjetPyCy1LBtrJ53d6mMVu5iryyyiobqdYSuBJ4zG,scam,Минт не заканчивается на 'pump'
DXFonKfUmW1rQSM8hSunKeQzdfgVRm9qB1bsevHypump,not_scam,
HPrkyN439oV9YW17iYsmaphy6E9GF6LF1EVeZ3cqpump,not_scam,
H6MB4gHWy6K5wLRbtLuSvav4c2NQA6uiKaFfedSKpump,not_scam,
4CAmvv1u3Vhjosu9m4GrApJQB3He5yMPUgjRMVwFpump,not_scam,
FRaNnPwrRKVpSYwHtj84vc5SwYoRWekDEBZ66usFpump,not_scam,
GvaqCBjYsFhsoRSpHzPfU5XoR8be2KdkJD4bc5d2pump,not_scam,
Ab1Sr1GD58Tu9ZnL6gL3LsS38bPQfFft6xs7wMSNpump,not_scam,
5rt8ckKs5koDJhqGhjwmiKWDYzKyNec5KCz7JPXipump,not_scam,
8DYqDKZsZbnDQPhS32N8tQTaUGt6LgwCefUuzWNNpump,not_scam,
GbLwfP7sSF6naNSKG3VamHN8Dz3o41EA3dLn6UuWpump,not_scam,
EJwAbBmPNyjHiQmTvZvjfhN5vk57DryaUEnr3nxUpump,not_scam,
HcwcUwqDnFcwhL1iQSciELzZGgRaedPzSix7kfaBkmrM,scam,Бандл с девом (индекс: 3); Минт не заканчивается на 'pump'
Fn2vzv6XVsLWzLHzhhpvH5iXUD2h6WW9D96xYq5Wpump,scam,Бандл с девом (индекс: 2)
Gi4gt8jxQDxudSqtWDtPjBykNc5CegLKHk2S1NDYpump,scam,Бандл с девом (индекс: 2)
ZC9ykDth62kSNcvmuTKXPR4CpxT4ot93Kgz83zkpump,not_scam,
6yxXeK1HsdhHjANsZZ5P8D5TSqtXqVkFthdJsyzQCbpG,scam,Бандл с девом (индекс: 2); Минт не заканчивается на 'pump'
H5E9UqeKxJy5f9bpvKHSqoZ2NLLYCEFLmxgPR2z7pump,not_scam,
B96dqnJojhpWfmckebrxXucHznTCqDMtuxFURiPspump,not_scam,
C4byV7xVkMyBHBAmqHzhSZyj9nTmDr3YEu9zTGDepump,not_scam,
7gGvJk2Hq8pVuod1Z43kE5kHhUVevEqNzzPJiMhcpump,scam,Бандл с девом (индекс: 2)
BKhEbg52c6kSLegvkvbi8KNiq5ygUsBZnfk7GPHspump,scam,Бандл с девом (индекс: 2)
CrfLaTUEwrw5iKNFq2SAoEN75SBwcBVuxCTSJGfPpump,not_scam,
HthQKKW6M9Q8pb27r9xoqjfviiJ3kzdojP8TKqjJpump,not_scam,
BzcZwdQeqXnDKb5sVyBtu69qV76a1RjGgf7TZNUgpump,not_scam,
54PwWL4AmrvZkJAus7kxtbcXVuE33sVZPX8N15qppump,not_scam,
63bpnCja1pGB2HSazkS8FAPAUkYgcXoDwYHfvZZveBot,scam,Минт не заканчивается на 'pump'
FS9mrMGrnLsy2GMeXGDVX5mqMCWiWQHFwnzQpHY4pump,not_scam,
FSdPjizhAVLrv3sr8HBK3NJy1K3qU8D79QFzJdTdpump,not_scam,
87HxFbmTGXVmRsyitS2D8c1ZSwHVhksSRtSeYCRLpump,not_scam,
USD1ttGY1N17NEEHLmELoaybftRBUSErhqYiQzvEmuB,scam,Минт не заканчивается на 'pump'
2QWGBH2X4GdX6ktN3jDzEbwjTex5pQugP5KTMsdwpump,not_scam,
3WtdzwYgRs43N8kxyhCeiBcF64KqnSvn4kiJbn7quzyx,scam,Минт не заканчивается на 'pump'
AnRAXSQpEpcLW9T9r8sNXc5oR6u8M8TF665CjfEjpump,not_scam,
Du7Lzb7xMmd5H8iFZ7w1k6Fq63wM4ZHv3D5PsMhDpump,not_scam,
3MAgP2aXgaLtcJEsbL6FthAVMxsoNqEgpUubLedychtM,scam,Минт не заканчивается на 'pump'
5R2KWrCXt6S4JbuKRojSc5iJuUwwX5oG7T1grCCMpump,not_scam,
86GewxvkS7R4WKhgk8fkPe4j4qqDY4HKaXoHBLgYBGfV,scam,Минт не заканчивается на 'pump'
CBZ6wx6CcdgVWXLoKf4VNKGFV5PZPWvcF4XusUs2pump,not_scam,
AE9ertkwgkyrWYtorqwhCfB8HK15StvTxzG4Waoypump,not_scam,
9Li3L8Z9BFqZmJQC3A8m25xfveEcFsyfae2ScApEpump,not_scam,
FYidwukt6P8dmwKUbxNUihDbLhBmvenGeDkV8s1yxKq9,scam,Минт не заканчивается на 'pump'
3qq54YqAKG3TcrwNHXFSpMCWoL8gmMuPceJ4FG9npump,not_scam,
DY91UcU1KDg8iZbiVqkDW9kfntHSeNNSgYGuhJt7pump,not_scam,
6zCZ17UYZmNjsfCc87pw2RpkxMEucHX1nks22KrHGhre,scam,Минт не заканчивается на 'pump'
EfPghbUzidp4vAwP4kwSRrHJhpSs7CJfxqv2RzP1pump,not_scam,
H8AUvJdpC3SdiVFLgKHQixm8QhSGj1onDiK3g6eApump,not_scam,
8CcHom1RQwnR2LCux6aVXWFcuDG3gF4wpZAsyyL7Y4vz,scam,Бандл с девом (индекс: 2); Минт не заканчивается на 'pump'
8MtAqqnSg3chQvqtTweNDCfNU9rxYEGcHnGjXxCKpump,not_scam,
DkbaeEeFPG4ewvrsrSgkVsp67ct8VfkBzJu6DJJepump,not_scam,
CY94igcMncp1rwPfxEkGhZ7RHkTeR2PVT6ktagD8pump,scam,Бандл с девом (индекс: 2)
4H6zeD7hZkZRx1vX6yqWQTFtpQRmo1V81KM3bi77pump,not_scam,
4f9pD9GXPpdzWK3ELUYB8iMHduXuqmidaS2kJdRGpump,not_scam,
GhneqKGRNQwhS3qztawf7p7Xs9LNEQwrczqpyoUzpump,not_scam,
C6evNArGAmaghjPF6932EP3rGmf7efta45XFvF3npump,not_scam,
4Jqs59Y18z9QeZQUEaVz2CkroaiGCiUysmqbsJtupump,not_scam,
H5JYrZxHAi32s6FjjttB5DS8zLovBKoDvxo2fdMzpump,not_scam,
FHzEWNCYsBZRCVKjsTGgzwLSRkG2Ukku9DVynuJUpump,not_scam,
A9FRqPA7NtfLRD8EpPpEKCri7VUesR7tPb3onrADpump,not_scam,
4VjaoGnkdHkrxphiCKSE1Q6PcCp2J66nr73Ex6Jspump,not_scam,
FNMuvcHV1HrSp9Bvwxc4umm57DqGLJzK9mupWekn5Yq7,scam,Минт не заканчивается на 'pump'
yLxYdgvkvphJpX5Aup2NwN6WM7NWuHVDJqSn9nBNvVv,scam,Минт не заканчивается на 'pump'
GaXxwiaBctZFcVWsDuweycPnyBaVdZ2Unbvew8pFoQDW,scam,Бандл с девом (индекс: 2); Минт не заканчивается на 'pump'
pBXiWcNYHGDwC8TBDDUo2fy26gQcsPBHCSGsgL1Hd8Y,scam,Минт не заканчивается на 'pump'
5EpbKX221NYVidK6A2nJGhtuLPvrPiQ6shknLbtjBAGS,scam,Минт не заканчивается на 'pump'
7jtbE8x6aAwNT1LDKfaGMFeYJngPVTArbK3fny3qSgR4,scam,Бандл с девом (индекс: 2); Минт не заканчивается на 'pump'
Gyh8f2oPTd5ps5DfyPR1JYF5xXjbFQQt3Ykrm6NDpump,not_scam,
8DjL975fphqz5nNCzw1b9MQHofe8yCT6RibUeEnLpump,not_scam,
GXMiLJv9c5zdZcZrthzNNa2YkSbXm8KhLcuUX1Mzpump,not_scam,
6qDCdNZaLCU2vFztcHwrWUMJV9PYfd2nm1oPdj5wpump,not_scam,
BbzLBJaqbTHW331azSKH72xoJe68rptEm1qD86TApump,not_scam,
73Ced3X7v3cW7JezanEKnWAetTJGfYccqQspsax7pump,not_scam,
BUCtAGz5mXG7X32aq4dKZUJcbrTpcxYtemWCMRhupump,scam,Бандл с девом (индекс: 2)
2uk6wbuauQSkxXfoFPmfG8c9GQuzkJJDCUYUZ4b2pump,not_scam,
Gv9hoJpkc1cy4pLZ6jdbm24XgpdviewKHLQNMweepump,not_scam,
7jdqYAQ4P1N5QGA546UQedvqtDhfSmaQy9zoLqW3pump,not_scam,
D3tf5wys5ZdbFDuf96i1JDX7TG1oVfZAySUKJNCGpump,not_scam,
9aU6pj27kzBNP1JaFMqoexkawdkzR2qw5hvKX8yCpump,not_scam,
B33RX684C2DLP377oN5MkLxEjMBXaCPQCuenLvaUpump,not_scam,
6UAkMPP52w6JUrD6Vq5U2KMw6v9xLYiGDiAdcVwspump,scam,Бандл с девом (индекс: 3)
74gD6wAYQzS4h9zCQzJViuuvvz9VRvvmigNNG55Mpump,not_scam,
97WXZmHgFSzg8V2C56FjLZhVVHfhJL8sbGaUysuHpump,not_scam,
2c3XMWaZr3CotMHtxL6qh4EFbXGddaynrhXqKPkzpump,not_scam,
9aEjfjUsHCKMUhgnKDCMXgFJQaLXkoW6AeZJyB6Tpump,not_scam,
BJJydPcijV366ViPtCvTdwvbAdCcjJysjwQB6wMdpump,scam,Бандл с девом (индекс: 4)
9GHY4JJV1VFPec7Ce1fBGoPC3kN9iNF4VqycKGAVpump,not_scam,
Ar4fx364B2y3JERhnHvnkbGv7JeogUFQGqCqNfyej15z,scam,Минт не заканчивается на 'pump'
HUabbhoabFqf5E4WHrSqEzc3s12suHSLSbDv5Zsvpump,not_scam,
5qDhb12mYm51WdyZAMmGhY38HMfeWgZcL3xLmk9tpump,scam,Бандл с девом (индекс: 2)
ADmQjjuyqaZjzBaLYttfUGmMvnzvwFKuFAVvkYq97QML,scam,Бандл с девом (индекс: 2); Минт не заканчивается на 'pump'
GUhVUdAgT2VPaDL9EtCTqBptX8ENrgs5WqR3c8EJpump,not_scam,
FZN7QZ8ZUUAxMPfxYEYkH3cXUASzH8EqA6B4tyCL8f1j,scam,Минт не заканчивается на 'pump'
5tcV2pSKLetrw9R1FDPVERSTvQjxcZQHkSy7MkGyemhn,scam,Минт не заканчивается на 'pump'
X69GKB2fLN8tSUxNTMneGAQw79qDw9KcPQp3RoAk9cf,scam,Минт не заканчивается на 'pump'
GqocU5K9N2XDC2saT2ANHtGFzQDcJ9LR5xKm9cEqpump,not_scam,
7VD59ofCPmMJtwsXksrZTBrrSgN7u57EYni3JbY7pump,not_scam,
8o65Eb7bFYL2K2xMf1GQjiNaXqqWxM9VwpoYWRdcpump,not_scam,
6oLrTKh24ps1ZFpDf8kYd4hhNdznxbLJ31jt5QwQpump,not_scam,
7dHbWXmci3dT8UFYWYZweBLXgycu7Y3iL6trKn1Y7ARj,scam,Минт не заканчивается на 'pump'
2g1J5hHHt2Y7SWdC2Ahv531VbN3EbxfBJgYSxuhGpump,scam,Бандл с девом (индекс: 2)
9oLtFw6MefvEE2aWLNVqXBVJX6xt5W6qGpNc9P7dAwkP,scam,Минт не заканчивается на 'pump'
fbiUSDpBzk4QTN482xJ5KH3CVjPya3fTNe3Vz6zpump,not_scam,
CuoE9koYKsVFwahhDhhrizFBucm1ft9EPTDranSGpump,not_scam,
FaZdzKVHiPk2M2wFs5V3U88fuermiieHpEVk5e6Zpump,not_scam,
E2kZRZEUBg3YpR84XFv4KUTVUGHgBYFW3V312LDEpump,not_scam,
BTCabxTQ346AWZ2gTtB1xcQ8PWNskeowSK5B2r1emZaS,scam,Минт не заканчивается на 'pump'
8S5vwdPwAmhyjxKFafSj5M6HTeU7Se6NwdnSaXSBLDeN,scam,Минт не заканчивается на 'pump'
8ZeTmGGktvSwSSghx8btbTAVGdWogThKM4DQBJgRpump,not_scam,
6BSfEdhTxu5oFPCTXw7yVhGU5gYSRXKqnXrPqWtFpump,not_scam,
6hrfbmKiBtDiR8nEkbBJG3nMpjLZcYgcfwpyAUcPpump,not_scam,
FEuvp11Bn5WpixhEgT7TpRUgiCRDko98312UqqGXpump,not_scam,
4DV55J1ZTwSep9CtfWXNWsnpgghiwMCN1HPffkSmpump,not_scam,
4zDvBs8TYrp1Srdh7zWAj6BTUqiHPArEDbrPCK39vBLV,scam,Минт не заканчивается на 'pump'
7Tt7iAnKdRP6FMcoSMjQELgcWAAhHEr8TQFz4CuBpump,not_scam,
GYvofTc3WEX7Xb1Y8Px6ak7u4UhFFCZos2HLQ1jGpump,scam,Бандл с девом (индекс: 2)
J6kfQwurSJxPT1gDPh8tbAvbAoKz31voqbJZG4zSCGwU,scam,Минт не заканчивается на 'pump'
2L7tYj7eKcaymL9RTS5SFBuB2EaHt5LP8Ht1YkWjrJ9t,scam,Минт не заканчивается на 'pump'
31pVeqS2BvA4uitMS238M6mT6KyLBZthfrK3oFLKpump,not_scam,
B8CgYX3T41GdPmjRz82VKcRtoQKxqXSy7FJr8xWYpump,not_scam,
4WBgTSmUmTErRbQvk5MRvDShMHXK9TMGwf7VmS1Lpump,not_scam,
3piTLFgAnksQ5m77VrxaF1XU11vfRRL7pqby9hKhMFLQ,scam,Минт не заканчивается на 'pump'
AX9s8YCScDJHekeyugJWi6LsCReEpzJJme9LAxLpump,scam,Бандл с девом (индекс: 2)
618RS7t1SrjhCHsS6yJSXWJ6WP8YtzijrPbTsrUcpump,not_scam,
2ztbihFAx2ZLWMCxHcRu3nuhgb7rBq4ApRQTEUurpump,not_scam,
9GRksFER4y1rRjRkmh1Ph2fux9aMzfznyrKj38q1pump,not_scam,
63kRMvcuVuhsRjk2zCjPhZYXLWKVRhzy5LWaABk2pump,not_scam,
GAwztcXS9ZWdV23tqGxi8xmqBF8wU6hH2oRc1Lszpump,not_scam,
AgeKLjify5q2qdFg3qjhFW1p3v9XPF6NhK6HE9ZQpump,not_scam,
8e6kMSRZYrvSrjxBHGQVGcoMF3wp6nzLAuwgYHoJpump,not_scam,
7W8Wi2xrnHzyf9Sh4Lt35bLFXBkP5Dymm7iC8X5Apump,scam,Бандл с девом (индекс: 2)
C6Utusy7mNXEGeq1swUa28vFQXtQLmphGrXngZBipump,not_scam,
GueFMS1uvTMW3wiHmgYfcsQp138DrMBQ5Jayx3uBpump,scam,Бандл с девом (индекс: 2)
uMDgVEe92xS4Ua4LqDvay2aXP3Bg491BEjm1xfrpump,scam,Бандл с девом (индекс: 2)
7bA5fGAkTFfhFRW9ueZi1BmfSvkZWcHLAuKbdVoHpump,scam,Бандл с девом (индекс: 2)
5ERguwBbTgwFoUCpWXzJg1NeoUsKpb4rnWaa6fo7pump,not_scam,
8NCCePgjKKHPL2HRLeMnixB8TW3J4jJCuyhxmermpump,not_scam,
G1XZ5gknEjLqpRhho5oCiL4AxyDzGFnnXAK5gXZzpump,not_scam,
HuvERiQtHL4FRhHWD5h29RyspyPXZLPGz1v5D9aspump,scam,Бандл с девом (индекс: 2)
5SVrH7XZ43JqB5TZa65uy4CS5dLYNwmQavWHFwmjpump,not_scam,
7MsNvEu8VkAEZRd26Vn3yCoGvtFUY7KY1cVZXkmupump,not_scam,
BbuCpWYX4TmuX3hrFN5i3nkZjYMhF3cpv6HfvGZpump,scam,Бандл с девом (индекс: 2)
WLFinEv6ypjkczcS83FZqFpgFZYwQXutRbxGe7oC16g,scam,Минт не заканчивается на 'pump'
EFhx5gGw3UUC6hJL5UcxUbJYEfVmxhjDptGgVYbGpump,not_scam,
EHVebVwCTrqvdGLKisU5M5ikW5VHRALx93XvHa7zJLBR,scam,Минт не заканчивается на 'pump'
3C1gknTF4wQ8W3TPsbbUM5u6CbYQzAxQ3EktwBTg2K4D,scam,Минт не заканчивается на 'pump'
HbjrBJxFoFRUuQr8scLWQXHBJU4dVGCop4UiFwatpump,not_scam,
Gwf6QBR2aFypdUAfGzRnog58YRyQgeGtmyx6FBFUwLfu,scam,Минт не заканчивается на 'pump'
F1P17TqYpRcGJmjWhRa52pjyRX5NYBsZghWDNohpump,not_scam,
4g1SwhuH3tFFFjDUM12hEnNsS7xX7SJYoUv8PAAcpump,not_scam,
AHu8hW7YKRXKAz3fY5FbCqMMQnQkQmxxMWkca2tapump,not_scam,
BGHynA2oPmjhEcxekTAG6a1GBym5T312KUtgdKHKpump,not_scam,
BNUkfVb4tzyS6xmsT47ccLZXvYBPFvPnhsDgrwWHpump,not_scam,
5v6QEY1xXUh43sKQVDxzBWy8fgrczyB41wcFGkuv3dev,scam,Минт не заканчивается на 'pump'
9V3C97SjZRbYwt4mdpaKSNRQ598YD6TDv5ihS68PtLUg,scam,Минт не заканчивается на 'pump'
GWaD6wcxSZFwXApoY56x6Cxiqs5sAvtQNdcUvz7Zbonk,scam,Минт не заканчивается на 'pump'
ArUBY51CHYRN1LFqbVsEFAcN1617Qkh2hxTcGMc6pump,not_scam,
4vLhFfZd16XbZqHxae2nV9bs8cdNpuuPM42Gb3ywozjk,scam,Минт не заканчивается на 'pump'
FTRtnwD2c3EUmcB1EF3n3igDr42ry5aWQChs1B4Upump,not_scam,
BzzN9t5Ay9Yu46SUdbUHe6EkyF8jw3TFjbT2VhrFa5uA,scam,Минт не заканчивается на 'pump'
DfPzBxPAkm4PA3eAsbKc5Ns9nqXq75c1PD2pqe2Vpump,not_scam,
49eB4JfzkcPq5dPKtkYfZ7LnE9Az4QefDUmSL9Eipump,not_scam,
BjzirRvdPRnoL3tVPhkqvKGJASLNm7h4PeL3xfp1H32C,scam,Бандл с девом (индекс: 2); Минт не заканчивается на 'pump'
JAsbMK8zZDhEWtd8ZBDHoucbqLkuwjwHC5rFbd6rpump,not_scam,
Bka82D2u8a6tVdtW6MA1kZq27kG57t7VwbzqCWmmpump,not_scam,
DLbnEa8oCQMyWNixBFrLKxePRHeNXsZJyJT7cs2Jpump,not_scam,
GXyEUPdTzPH38LPh6QFybbV4HBL7vGvgmzabqwmhpump,not_scam,
69mxTcgb8FkFHFXETeqNTbGbXQnF9kakHtstwmvapump,scam,Бандл с девом (индекс: 2)
7qdHCYws63s7qYYL2uPDQ6d1YqEbyVE9inpu4VEspump,not_scam,
7SWcUumZoHFPxaNCRcUbjbcyYfda4crnJTPK7nE5pump,not_scam,
8xfRvSGS5f4wW6Ldd74fnBDi52iWQbUEJ9Ya11HBpump,not_scam,
DbtHKcWqyeFmKng2ffeaVSAYbZBsCjn82bi1fnwSpump,not_scam,
DPgcoh6MZgLB3TPAX3wLAiYrXGpQSYChiQ3Axj9C93z1,scam,Бандл с девом (индекс: 2); Минт не заканчивается на 'pump'
8cqzvTTzQ4JEB8QUhp9t2BJwL5ccYs84xx7ej7z3pump,not_scam,
ASTR6KM1n23jpS3FPMNiuZBykPREGJzQ5XMrTRUupump,scam,Бандл с девом (индекс: 2)
Fnx5Gy3wgeRo4UgGPLUUpc3evLUTjbGj6Fg3tqBupump,not_scam,
yscN87fACs5MgiRKcHH6qqExNNiAFy7tttz2d9apump,not_scam,
5jZWaKTxAefTMokL7e9W7HRp8epZhtXJM5wDbmEGpump,not_scam,
7Wg8oyxTTF8anix4D5C6BTQ8DK469xBFt7qV3dfJpump,not_scam,
GAFd2PCCfCrLxpbGMUGCkEeLWpo8T5qfUsN2Y2PJpump,not_scam,
BHj2vpRnJic6U7BLCRg3ggS2YebxUsWoCR5Wcbv6pMYQ,scam,Бандл с девом (индекс: 2); Минт не заканчивается на 'pump'
E5idKwj3H8bCEThrrW8dvSRu9FNFvv1dwXy2oktxpump,scam,Бандл с девом (индекс: 2)
3Xjaa7RmdRRoBG3bYYSWehzrvT2gokg4Uy2C3Jmapump,not_scam,
T19T49iP3Way5qsMS3etVZxaQweUKmqprz1gqpDpump,not_scam,
B8SwXAqTrxjrs7iAGNL5Ng6WT8dx1LS6foGdcAYhpump,not_scam,
2q1sjsVVPx8TUvzqzXpHPnoN3xroHt7EHusXzbTtpump,scam,Бандл с девом (индекс: 2)
DT4AkwSB4gKbVHjowsg6Z9M8AQcAcYnSXQN9rbygpump,not_scam,
D6o64RQdYaZuXYfJb4tJCyaMYqAAzZVJVBkqbLQtpump,scam,Бандл с девом (индекс: 2)
2rQvp1s31CZSWKshhqFq248qUXwacd124PgZ4VSZpump,not_scam,
7GwartH2EMsRTrRnMx7LNnZCwbhiLxKA4ckjjwcHjups,scam,Минт не заканчивается на 'pump'
7g8qyxJDShDmcqeoBy1jKwpdsxnQkP89Wox3WY6Lpump,scam,Бандл с девом (индекс: 2)
3qyULvFEn1K2zXUfWLqfsnQexhcbVarGZzghe9nmJyeQ,scam,Минт не заканчивается на 'pump'
LE3HnHgPJyo3DRH2BMLWH1Bk1NKbwRbu8iCJ2qDpump,not_scam,
3n8q4gQSssD9NKuMGBiAd54kfVJkYVJE2N4jmhMWgpU4,scam,Минт не заканчивается на 'pump'
CGR8t6qpisBbuV2XPicDmH5saFs7WyKSMD3sqpLXpump,not_scam,
CZySd7TC6NK2LGtLxQhMSwDpdP4bgPFrsbv3VpEfpump,not_scam,
9KeobUiEikM4A5TtKk52Bw4w4qKyAnboeMXG47FWpump,not_scam,
HiCzFAjFTwKcvFAZa1Txa7B2uyvQ7Sg3muJNXHJKpump,not_scam,
4pvycrBqiq8jgDVXjMonkmZ5QWqAFw3vvK4zD9dv227H,scam,Бандл с девом (индекс: 2); Минт не заканчивается на 'pump'
AHSf6SmtmT7UJRdZe6NK9Vughf3iAxcBfeCLMxJWpump,not_scam,
4QHfyeBzevfbcq2sS25YNuxn7Lehgw7ELa7t7yFQpump,not_scam,
3rPtseg3Q4u738ckShbBQpf4D51xKrNTC3Mwqodqpump,not_scam,
67d746VCRfTnj7M5wH5eGM2yfErrq8sDAmH2skfBpump,not_scam,
2SJVWF8nx4UbJxJi7kar7FokUiAgwox5mMRPntLw57Zt,scam,Минт не заканчивается на 'pump'
H9U858wwzESEyCjzY1aNHzec3iGSFKxwNQTYmj9epump,not_scam,
Ug39DJSdjCDJqxfFRBxczxfouWa8sWUbgdKToNd5mwV,scam,Минт не заканчивается на 'pump'
HKAboZAhsPzUuaWYNGJ6ciiuF7mtbY4PqLH8eZDkpump,not_scam,
BXvBhz6Va2Ed8HnzMDChzHCTqKXLvJpGadfLhvK5pump,not_scam,
8eiPLARhhwsFscQhzEkEyvA9REx3rncukaEoXKXHpump,not_scam,
HXqtWCZnrYasWPjPe5FS8C4Q7BXozcKzD3XvnHc4QTLM,scam,Бандл с девом (индекс: 2); Минт не заканчивается на 'pump'
Fw8ybKm8aPTM2LeqTUWhsSMwe34Akzf5iPm1m9Y1pump,not_scam,
DRYBn3rc44a3rupbCH6RKRGkoR8v5aaVTjfXwsf7pump,not_scam,
FLAPsRRPLbFnsGPcL1qwqZ9Z9CvvexFitMQiQucRpump,not_scam,
6tGAaqbugzS8EyPvpQgXYRYkVBBoxoZazJSfz8KPpump,not_scam,
5edfCeRzTDFY3MidzksnA5487oaQVSHox71eDuuEpump,not_scam,
Ejnp5duk4QYEWivaugHPiS7EB2wokKNLp1QrvxVfpump,not_scam,
AtwheMnxhpiyUBQafSixttHFus4SHpXB1rwSdh3Kpump,not_scam,
6bzmt9B69hc9xJc22pWJoQpR3MD4btpfnKiXV1TvUbs1,scam,Минт не заканчивается на 'pump'
5nCz3W4rMbpuGMBLQrQYu8gBFUNvR5cQpeiTf6d1pump,scam,Бандл с девом (индекс: 2)
6qiDLoqchF9VWPhV2rgWHuogr5VEH3WwDuySMemHpump,not_scam,
821eXLRBbacFZhLzFnvQxLn8EkV4d2NcR2GHxsmppump,not_scam,
CKDSnmzvZUJcepxbzV2otkhw78L8LxoAWrMEJrYQpump,not_scam,
7erhvnb3asH2qALyUkB1KcV3EWisyKXeo1chJwgLmF5E,scam,Бандл с девом (индекс: 3); Минт не заканчивается на 'pump'
3u7T2FboLoyu7xwzZPgqAfCH5H7jdwHjPfDmVCG6pump,not_scam,
6hCXGcf7iCo6DyMj134L3iG9xRTtW4QY8T7X15hQVY64,scam,Минт не заканчивается на 'pump'
Bnj6ZgY4bWRCgFP1eQ7ZBYTEsyr7AzhiXHt2tw3pump,scam,Бандл с девом (индекс: 3)
B68LeEm8WyUGZEAzRqak4DWpm7uah2DSvGiNVXsQpump,not_scam,
55xcDjuA9HbBAYu3JzvMr35fzMPNAGKdEYQZY4gZpump,not_scam,
HR6LcUUv7V37prUaCY43XTAWvNr3AightjCQbRby2uYa,scam,Бандл с девом (индекс: 2); Минт не заканчивается на 'pump'
849FUbAK1pZMUusEoUedosFBhSyoeBASazb1NE6Mpump,not_scam,
9JySxFSMKxMFwEU5Gpj4GwwBrr4NkETvtcVzaa4Gpump,not_scam,
ENyuY6eSck2qQfGZeafg3C8vsjcguHkr57H8pTVcpump,not_scam,
BTUA2Lj7ZzAAod6jX2ZvoyfsVpq1GqMKPUg8WZEuFDwk,scam,Минт не заканчивается на 'pump'
CHRkCd8RSYL2ymj3eNvtF55btCNmrtBUWWLchjo9XwmH,scam,Минт не заканчивается на 'pump'
D9hp9wSmdBLa4eodvauvzLiNomfLbV7TwQtfzNTrpump,not_scam,
9QLWFyms7FYhkEbAi5phF9tdgL1mx7aTKy6eivoV69V9,scam,Бандл с девом (индекс: 2); Минт не заканчивается на 'pump'
3XjJjnc7Yykiy8GoUbnfJxousMaVqryaKQ7N3mrFpump,not_scam,
Ad8b9FSZrYX8mKa5SJg3q9J3kH8DUQGFEmH52e2apump,not_scam,
BzPrLgv5XRzQv3igQDApq5ZUS3PqJPxJtXjZaNCppump,scam,Бандл с девом (индекс: 4)
HJzw8Ra5JBEBkqdnkDQuCAYQaz2bvCoQ6HnWe6PRRoJW,scam,Минт не заканчивается на 'pump'
AiF5tcyiuaUxX92QmYiGeeEWnJ2feNV6e25S9MWupump,scam,Бандл с девом (индекс: 2)
5Xwd7jDoJB4jBgy6FYWEDL9U8v1NCRMWLpbt2qkqpump,not_scam,
GEdpdGUC33rhPnwVcJ7XkyTSmtzfJvQDbdtLAvN1pump,not_scam,
JnQMRgkkbNqoLHcXvHZijDfj9cnXir25hc8rkSoYAey,scam,Бандл с девом (индекс: 2); Минт не заканчивается на 'pump'
SDdkPk9hhSw1ZdxDdxJ5dRZaHqDJPnLZ8TRwREQpump,not_scam,
EDKjbBj6WZXFpSXsZtJvHTrFK4hqeBRxAFpuGJQCpump,not_scam,
rp3AWdstjbPfbn7nQyH8yAwyAeGUKrXspHga4cypump,not_scam,
FnA1GxfjndoXFTgKuLbFZAjvmtrJuo3pV8YwadAepump,not_scam,
CMh8gGszBkXvNiyGmW7aBFMxDnJbmVzns6v2D6a5pump,scam,Бандл с девом (индекс: 5)
6BuDVYPCPw9rYdAvoXMLLyQPYnQMvwn4v7pzr6zdQbLu,scam,Бандл с девом (индекс: 2); Минт не заканчивается на 'pump'
5NtyWiMUDtA6ZrwVcNsor4LG1hx32GJTD8GY8kf3pump,not_scam,
9bjAd5sgVxBa7viXhwk5gWXTDdSDtZYAtX3Ffj1Bpump,scam,Бандл с девом (индекс: 2)
6TLdBgnNUKuP6UxGXph6VtH47BiYBA9dM1G78WG8pump,not_scam,
GZ4jcYDkTukfj4tpLoaMDgsqQddMAUWBzgVhpWcgpump,not_scam,
2yjwfhVu7ypo4Duy9KPoSmDi8cUCCXHAXPWKJcc1pump,not_scam,
nfcSP63x1SE6A1qaQz9rtrhF4x7CpEYo8yg89B6pump,not_scam,
EU9u5Wp6P3szwLv5DZagjqb5E8hHinLxXuV9qUWJpump,not_scam,
Gd51oxSo7n1JoFyXmkKt6WFoKgrjFYAUFdeFYQDYpump,not_scam,
AeiStxhn8hf3FZbbAFqaegufHKvv2Md2N14G23zbobGy,scam,Минт не заканчивается на 'pump'
4ZUAurGUmNQtnx9t5TojD8C9EAynEgx2eXHn499Kpump,not_scam,
CASHx9KJUStyftLFWGvEVf59SGeG9sh5FfcnZMVPCASH,scam,Минт не заканчивается на 'pump'
DMpS2tnoWZgCqQMD2Hw6YK4K3XLEzWKj5ggVd6Qbpump,not_scam,
5WBfYRqLwShHtuJ4zN6mUT252J7jNh2EXDBBA1KFpump,not_scam,
3bJSf8aKa688a6UR5tA7nLijsA7BBdwxczaqi27spump,not_scam,
5dF11XRBugaLpWbVrboJm4LNEdagACK9dQGziUbZpump,not_scam,
748pu8Ts5Q5DkDsCVfY5Pny6XUw1JKh7dwUwqG22pump,not_scam,
9VQTfD6tY67fQCY3iSU33qRDbXB3vCs8R3DWNQcGpump,not_scam,
8VuZ4HB2P1wfTjnnXiXiSb7vdbP7N4RVHZMrtQNRozwo,scam,Минт не заканчивается на 'pump'
A7pMnWbZ9HAXoFUZjm5n5vLihoYbn8B7Mie6oBtGpump,not_scam,
Hg4eu3GubKyTbv5Yg3fnKWsVFTcaxeuZuxWc9PQWpump,not_scam,
Hr1PApKczaPz1CEedWcbm98a5MWwPVnktwGPuwFcFUdi,scam,Минт не заканчивается на 'pump'
BdCyirZgF2DW5mYeLJzBbi889VKDmffVQ5UmYUKDpump,scam,Бандл с девом (индекс: 2)
BUpFpK2BGqs7GqmoS8TTK55Qc8JPNuFR2n1SBviapump,scam,Бандл с девом (индекс: 2)
2xkDho6wkGVMRnmrdpmv2BXWXTkEpxcehnw7jN3wTJxT,scam,Минт не заканчивается на 'pump'
HqYhXswLawfCwfAJv5ANEkhLjbpPqwcA7PCL1kSapump,not_scam,
3TfrUGKPzRSr3dVcgHiDasKBe9RwvRGp8DCJiQ7xpump,not_scam,
UtkjiyEh9SjDPeb7w4X5egCHEbm2TRFnKV5Wmd6pump,not_scam,
dT1vrf1YNJHFyjj8drx5WKAfqs7XTZHAA1Fg78Qpump,not_scam,
bArRSVb5WTiVTgDrdnQwMzjCf1CrBVwD18Ls9kMpump,not_scam,
5fJHGFUG5XvjkLhwBc6iYoGnCxDyTQCCoHMQWw3MbjfB,scam,Минт не заканчивается на 'pump'
8V4UV2jQopqwtV2cBzNUgS1zCpofHHgiBAoNX52xpump,scam,Бандл с девом (индекс: 2)
DM3rNqquYifLsbKkXjRBgWaKxhvoTDVmPRq7mxPZpump,scam,Бандл с девом (индекс: 2)
515p1UsE7dExHRgYSK2xpEs7mFpycEPhy6NGEhRfFaJp,scam,Минт не заканчивается на 'pump'
GXaW72ke2C7cPy3o2Wk8Stast35B55Q2neYSiqAspump,not_scam,
4tU9TrfMC69YZpLsrmC83a849Hkpac9jigck8FKwpump,not_scam,
9dzKtuhKi3jXMCTm5D9Du6pvsbuPUHo7qm3AJ17mpump,not_scam,
3FGDQdjHHN7dBhb7Mk1USx8XEK4R171URLBz2gfapump,not_scam,
HL8ihMrMCt8geoBBCgob1b7VH9wZ4ahQ4H6mhvUyuViV,scam,Минт не заканчивается на 'pump'
77o6pYYxSNMvf4sdUoVG9eYE111QsqivkJC4axWEpump,scam,Бандл с девом (индекс: 4)
EVeDC3u55cF8jC9cTQcZ1kQ5dVD6p8w6JUY1W9GwTWcE,scam,Бандл с девом (индекс: 2); Минт не заканчивается на 'pump'
GbS6wD6n3hgF12AzwFVVktC9EGTdAZjqdZdcvVBCpump,not_scam,
AJKzFGKwuG7HjrBUq8aaua9KMz4oQHtiNtT8c1wRpump,not_scam,
HMQdynsrvSJCzMfbvrV2kVod8YWzjuCmrt1Mj3jrpump,not_scam,
GdZ9rwHyKcriLdbSzhtEFLe5MLs7Vk6AY1aE5ei7nsmP,scam,Минт не заканчивается на 'pump'
Hdcf8TiUH2a3ASB8veZ5V6caYEJ9QSWWsRwUeysvBhSv,scam,Минт не заканчивается на 'pump'
Eb3Lyzo8TCKfDUiYcdhP5hGrjsTKT8WB7ReWG6jkpump,not_scam,
4SQM7yKiurdtadF3MzRtDntxGHXYyM6gv1bLpVkGx2Cw,scam,Бандл с девом (индекс: 2); Минт не заканчивается на 'pump'
52AMVcqvUiuacEhqgtX3UyYdncpWNiBnMZjkuWHHpump,not_scam,
DQPR6F7vpS6z4uGSRLpD9ujonGHjGzm1iJHVpvSRgJkg,scam,Минт не заканчивается на 'pump'
8fKduRvBWu2XwZnnMbtVw3yRw22iCFZnQKGEiXK2pump,not_scam,
APsuodkdqry22feieXzWeNVX7Akik6tBjGM51jCApump,not_scam,
DfEMcQHCyvFw9EhufAjjWZWrj6qMXs18snTNytJ3pump,not_scam,
76RwQAwHAFFPiG4xLfiTyFXRChT7MUGkWf4xZQC9pump,not_scam,
2AVCEdoprxg6BJS7ARCSXu6DBt2pYGE9YqELNzo4pump,not_scam,
AVzXogRcvoK5HaCD86uFQ2WaAKVVbQKeKmhbuiYTpump,not_scam,
4gXTwgn9ZDJo6mzV6ZQxqh4JDnQYpKmLDiPTkedHpump,not_scam,
5xzhxEbT37AegFZjYpkFHucPbZfwGYDXMrPnBbDCpump,not_scam,
5zvbHaj1iugpYMw5tQov8zJ7W4tLAEVF1JmazF5kpump,not_scam,
GUp3rW94BfVDCDtgFVTFFCaSceArov3Ws64Fzs5Hpump,scam,Бандл с девом (индекс: 2)
7zX9dT7pvKVwtjwuozyVpbCCYFdmpzQEAQda7pCKpump,scam,Бандл с девом (индекс: 2)
5TPEhrn8SHVCQoBZfZfCDYHyp9ePdWS9U2sTaieupump,scam,Бандл с девом (индекс: 2)
B9ZbyKm8f6zuhzPp9WuQ8NVYBCDSRwGjdpMtM5jLpump,not_scam,
67CW2g3zgiviE7gKr5CbMxEVzMZZNt8fRRT68cMQpump,not_scam,
4uwfxYDriGUHRGzEU9ftMbJSZck5pa4tufbfQHpSpump,not_scam,
Dcc6pWM9U35TCmbjB9i5hUyELbt6AuncrQabegn8sgnU,scam,Минт не заканчивается на 'pump'
2CDafYsxm6VfxawQ93wGG9NYHcP6gUFNQx8jmechpump,not_scam,
5BDVPuRe3vYRAvgfLJxRf3DDKPcmMk1km498tvJbpump,not_scam,
6QVMWUmzZWYVEadDftR57Yqs8EFTP15GyUFKFMAKpump,not_scam,
Bu2aaUXc3zMzds32HoH56NnkwJT1x1JyGERiqaeWpump,scam,Бандл с девом (индекс: 2)
GmVCVZQpmRxMB8wuJj16kGaNvG8QwN4SvVfSEFbdD8Bx,scam,Минт не заканчивается на 'pump'
BKLgTTiSp3BN7XDte6mim737t8KP8mg65PSMG7Wspump,not_scam,
h5NciPdMZ5QCB5BYETJMYBMpVx9ZuitR6HcVjyBhood,scam,Минт не заканчивается на 'pump'
2ZS6R2SMRbU65efXHzXEpFeLAvpBdSeY8oFzfxGdpump,not_scam,
9EqothDQxdpXdY8yec5h7GrBdvD5RP3x7rv9Td9Cpump,not_scam,
GwJV5HGVJoeET3oJ7TaB5qUrnNQhfzmVvAVWk1KLJw1s,scam,Минт не заканчивается на 'pump'
9K4sNoUDDPsujJ8FPXj7Bivua2V2DQ6t71LMoML2hJZa,scam,Минт не заканчивается на 'pump'
3DGPnEx9DqNKzeYhm6a71QWgjWx8ngE8AAVaz5Cnpump,not_scam,
HLptm5e6rTgh4EKgDpYFrnRHbjpkMyVdEeREEa2G7rf9,scam,Минт не заканчивается на 'pump'
6LH9NDBYUf7thDx8sMZppZpxAsdXtsQ9VN37gKMpZRSp,scam,Минт не заканчивается на 'pump'
HAGo4kXPduDMor57R94MJC22fTKsQyYDE99rEEt6pump,not_scam,
73yX6qzXPBGqSS1UQ28uQzeXNqfaYqhwtR9n1hHu43ER,scam,Бандл с девом (индекс: 2); Минт не заканчивается на 'pump'
F7u3PKC6p1PPvF2UpuV1HNdYZGTb2Ux8SUYYQ13spump,not_scam,
DkJGHYEA22dAnDCbqpi2NYFoSxnaNY8Cmdq4DYGipump,not_scam,
7yP7vEPFg2rrFtGPHbiKCdmN4dcc7oWnxRhmxv7vpump,not_scam,
GPNJ9xTuhCQCr8MJqcDLgBvp51BM42uZpGZfrxqApump,not_scam,
BoLpeS7Ae2CcwxjX8b3nWKVTYjMyL2thgC1BUfenpump,not_scam,
J32jjbX6RbFRiBPnTSWmH6nvYhbope2w9yf894k2pump,not_scam,
5LFJzEx56KqEySUVPt7jdXEdGBHeNLryhz9f9PQgpump,not_scam,
Bh8G7EfEU5nEqmPZiUucvYHiZoiVNWgj7nZKN3Rfpump,not_scam,
Eo6QqctUe3Xk5Yn5fpByFR6RQzcREuaTk7Q44157pump,not_scam,
HQsbxhs6uHANJ8JvBFujTeuRR3QRbfNsYFZgFYUhpump,scam,Бандл с девом (индекс: 2)
85LQHTixmPALbAWf49Bq498eGMNjSvMAyZWiUiLFStib,scam,Минт не заканчивается на 'pump'
92gtxKQSzkeMaZWMKVCFTKa5LyjAt621ksWvEM9epump,not_scam,
494WfvExyY3w1eTx5mmrNUoT9HCi4J42PqA2FYs5pump,not_scam,
DB3y2cp4Jf8H6tSfU6Kp8ZvfuVLK131si8MLm7w6pump,not_scam,
AuyPaCUjcnA2a6a2M52BrLPsc9XudtyJNgbURo9pump,not_scam,
mSoLzYCxHdYgdzU16g5QSh3i5K3z3KZK7ytfqcJm7So,scam,Минт не заканчивается на 'pump'
8V9h2dTPemEJXFmRkBqVFnNAKuSZ5kztB4pE238Epump,not_scam,
DuBWXC38ojND255dKeyWe9GKsmFVnunFXYYancC4pump,not_scam,
7GF8NUer411h3Qp1tmcW3qM6D7As7Yi3GgoPs2wN3wxZ,scam,Минт не заканчивается на 'pump'
F38qiej8M8kEcoefRW5P7Gn5gJHcjJETBkaL3eK5pump,not_scam,
AhSGcUDNK2MKkWQe4Mz7rCPSyTJNxvtGCTuJnpUjpump,not_scam,
95RhUx8kzLziSWNxv77GKPdbvu5DeUzmtj4bWsyFpump,not_scam,
5Xwy1aD3TPVF4KxYP1mKdDQjZbGwtzvBHCTHEy9pump,not_scam,
8DTLnMf76QHab9uNiAT1dc8szhizt9AkFSMyFG5Cd25x,scam,Минт не заканчивается на 'pump'
2A7E6X8UiSTuuERsyha6jMMKd7DajuWn6PVyHaffgtJJ,scam,Минт не заканчивается на 'pump'
HJ88bA3HJKgKfDUWEoTqTvvhMng5E6RSAMjwTetCvibe,scam,Минт не заканчивается на 'pump'
ANPPZfyqVNjdWXHQoPc7XP8YUdk7snqYmmuhkjxV6jzy,scam,Бандл с девом (индекс: 2); Минт не заканчивается на 'pump'
BRCVXxMX9CMCCzZ3PNKiLtzWiekdVoMuVTuzBpHxpump,not_scam,
ATpLH7vm5eWPpZAu6bZuWEmjzD313cNqWtU82dvypump,scam,Бандл с девом (индекс: 2)
9DRKNG7pm4aw7cxihCMnvGaH1f8UgMxjozZAnEdPpump,scam,Бандл с девом (индекс: 2)
GGxeNn3p2ZdVUifqTeBvXrqx8e4NUBQ2u72omgcGDraL,scam,Бандл с девом (индекс: 2); Минт не заканчивается на 'pump'
ET5oozEFUnHuf15e5s7ussSHwj3GkSVViYcTsBW2pump,scam,Бандл с девом (индекс: 2)
GntAQPvKwguJPxnBVe1a2QYkQe31XCbBE5MkyPYrpump,not_scam,
FUURcCZZctt6theakxLanbJhitATjM9tV8zSPAaapump,not_scam,
G527NQRcUzopWEUmPcPA8eex7sCK8FPRbTFn8Hd5pump,scam,Бандл с девом (индекс: 2)
Gd7TZmWcddZyZZzBzGPk87quMLDmPAHAXnEnCmmMpump,not_scam,
9kGc5guB6RvmPgDeu9WmzCRdaUgFsaFkwGY8otE1pump,scam,Бандл с девом (индекс: 2)
BUeUWDNZN8EA1pzCpgAoWnNTk6YuGxMpyf72byDEpump,scam,Бандл с девом (индекс: 2)
Ex9p4nyR43kMt9LPqsWKpxx1Vru91B8KL2LMNVZwpump,not_scam,
6dRgR3wiHbUurn4RHR6LHtGoPsHTmpuGpLEgudgBpump,not_scam,
446tM6t3j5KngSsahHDeYzdJByGjnsBRQrBxV4wUpump,not_scam,
HPcVjzXmJrPqFq34hG5rdRJEk1pqjKVYiKmvCmQRNgHJ,scam,Бандл с девом (индекс: 2); Минт не заканчивается на 'pump'
GhBCLeNcdNem2GN3r7y88V2HTgYptAHuhJ6dBoiSpump,not_scam,
9teexZHeSVBknrZGEnRB9Q41mCYBuj2AVimA59hApump,not_scam,
BH1V3fkgbdjpzW7MqntMmmXzVz5yLcmHH7LvgYm8pump,not_scam,
4UKs6vRqMUpr99ToByj1rv4PsdWcRDVN7K6s2UqDpump,not_scam,
7pnNttcEgERYFL8zf4kAsJVDTv5q6BwCMHtnFi8Fpump,scam,Бандл с девом (индекс: 2)
FXLieupuissvZ6FiuGkLjgkRewZYacU8bkJ6WoH8pump,not_scam,
8fdBKZq7wo9fJbsZEZhq6omCgvKzLt97HY9XaGgqpump,not_scam,
DNt9tyifhbFAL6FBsWTtNLzeMWBrUUe2VPLfc2Gkpump,not_scam,
77giotgtWNNKJFwCi5gxtEATWFMbCbazX5FSyYjZpump,not_scam,
67HujCBYw7whn7YrZXdCGGZNCa5wEvjh8yBKxemDpump,not_scam,
2QXuGJkbpJ6CoGNEjGcXXQXgnLKVzPVNbV9A1JH9pump,not_scam,
6QmxbfvpqoLSh622VETv495n3rK6gho4TmEMaiiEpump,scam,Бандл с девом (индекс: 2)
BZiV3Zcz4tA92CHr7LcpqNxrmXaMof4bnJv8Y1XFQDNd,scam,Минт не заканчивается на 'pump'
7WSqYHYzFwyFdGjo5jFRUTnRkdRjXT2dKAAGEv7jpump,not_scam,
5hcjJnzW22TivLsXdkzp4vesBG5j2Bf4Jszm6zxNkudy,scam,Минт не заканчивается на 'pump'
3GnKVn9rLaSZuSAYz9jmtBza38YpKRpG3zZC3Benpump,not_scam,
BLhYRMrRdKKxft5uay6iGeT3bQkBTvp3Kr1ASRhNpump,not_scam,
BS3xcx5AcMYidgaUWrSGDVCy1951BsdMeecmSrWXpump,not_scam,
FoTYC5u7hRJJrpvhqEUjJAuZ55optLwuPkaWxLMJpump,not_scam,
24xtkJzdYd5u1XtSe8svFfvYxko3gwAGGPnF92hXpump,not_scam,
DGpvTHEufCdtdGBiHWEQYV1ddZXGt9hYrjw2Qp3cpump,not_scam,
6PGgHPZHGcp8cYbi8iTE4TFLzpKb5VduASDgqftLpump,not_scam,
A8cDgfn1tAQbsZfD8oZU5u2xZZqKtJTmq7m9E3PLNMqr,scam,Минт не заканчивается на 'pump'
7zULs916jHSkMegU2NcZw6JZ53ZNrfJHCoCR3AnHpump,not_scam,
F5RGLYfEnuM2pVH5w8TCrPXs8dDKNzYWxwcZ4KiKHEvX,scam,Минт не заканчивается на 'pump'
DmzoXMN7UHaQsbZrwPGj9UmD47ASn11WYBxbAViCpump,scam,Бандл с девом (индекс: 2)
ACUigLaYZsowbD7WXL8U5ujUTu4doiZh2dosBNATpump,scam,Бандл с девом (индекс: 2)
5pMXVgnB9fZL9ZQxUJRJKgDWqesgdCccn155gGyYpump,not_scam,
GMkRXCapV2QJyGpvG6FvMrJPBujLD4DFJ2mskx26pump,scam,Бандл с девом (индекс: 3)
HXtZLP3tPtcDVRAjdLER5CtWSF8xLdXeURjBab3Gpump,not_scam,
91D7CupaKTRMD2G16ntmGtBq9McCXc3oNfewAKMipump,not_scam,
GdA4xjY6oEnsjxDwgmy2tvCsCUMeahBxrTTVGhDrpump,not_scam,
3NtY9hSYjgXrG1zPeFWvfFkmyvL1tmoquttLqTZppump,not_scam,
7S7t9Lkb9HLxSWQnpYtsNVEkTM5Q2zeLqySPdQ7Dpump,not_scam,
4rv67QLv7ZQg9Cty1jeqiLyPqsS4BV8s78UVARxTqgQ9,scam,Минт не заканчивается на 'pump'
8k1DvnFBsbuWJw2t4JqTibR7cAgqadMveqiykMr1pump,not_scam,
CKXjxMf1uco38zdSWGKKU9XkfVnuZARbodtwpwb6pump,not_scam,
2v9GXQppEUXiQZA3LMMCwBdPFuQfeeuCfRSyBwhULuD5,scam,Бандл с девом (индекс: 2); Минт не заканчивается на 'pump'
HAnqsYkgWxJ2SUnQUQZyWFtF3kVF4q7DsGYygyNMvhD5,scam,Минт не заканчивается на 'pump'
E84mwPtwAUbyW8NjgSPHSBSscE6JYiUYxhDvpuSjpump,not_scam,
CgXhDXosbcodMysVKReAiemF4eLCdoGEEMC897PJpump,scam,Бандл с девом (индекс: 2)
FWAr6oWa6CHg6WUcXu8CqkmsdbhtEqL8t31QTonppump,not_scam,
6msPehvuR5kFK5EVtrkLGR2Bc6jQTgSMurK5eGLSpump,not_scam,
45XZdJ9cXQR2fQYR4WBbQGvQ5Vs4kCQN2GciM23ipump,not_scam,
39pY6ZbNLA2gtE5wm3oUSNju2Gx55d76eZCVRX1ppump,not_scam,
5EVs6YxC5ruZTqdA9jAxq5aCAJZGZSaukcTE9p4Vpump,not_scam,
G849nDx4r1vwjibbmpjkZ6pbDWwaMouhkWLq1o8Z5FUN,scam,Минт не заканчивается на 'pump'
4AjhTi46Vm9ocfXa8hU6H7Wg1VCH8z38hbJQyZdxpump,not_scam,
AnVnisLaLuNp3fiGjXbDDMbw9ej2KyUWHa7n5yqfpump,not_scam,
DgdRdgjWGcWgrhEm2icF6MJimsoZwSSd4W6uv2Jtpump,not_scam,
4rRRcLGiU1jtLc4wxPMdjUokg9jx5LZkxqcNDkyapump,scam,Бандл с девом (индекс: 2)
9twdPSvZTtdEaTEuet3HbL4SJRw85iM8kFsDk1xgpump,not_scam,
6WhNJC3P6UB7Gn2vfkFKHcAfydFRMGuLDBBpeZYNpump,not_scam,
DBFEhxtek4uqLMfQJf8qeDV51pt7tE8UDtcA2yLWpump,not_scam,
3kxm384BdpViubv3qUq52fKKjz6kY9SA9fghnzujpump,not_scam,
2gPzy9Qcu9EH2VoSJMzxR2mz6tHCQ5EwjzkjKpvYbvZe,scam,Минт не заканчивается на 'pump'
2ovnDRUaZdx1CVZ7v4vHUyEaADgsAgZxhShzsxz9pump,not_scam,
iDs1JP3YJqRwhpHCNwufsnMcCEaeFr2KNhHDzNVpump,not_scam,
Hb1kr8ZATfgs2FVkALwevpwvsyq94ydejBAKiJRdpump,not_scam,
HDxiVGj2aZPrH2wVZccVyh7MvEEuGREeysiGQStnpump,not_scam,
AMP6eX2jB2CN2oaDCADWXvEUnPotC41gpyPx2YtL2gjm,scam,Минт не заканчивается на 'pump'
3LvZncekdJVWRhs1xdWUCfyf3fJj724zJUEPvAVDpump,not_scam,
BSxeqBZYBzjoDuX7fpAUiYNBGCqXdZBxGoVcwYn3pump,not_scam,
9BB6NFEcjBCtnNLFko2FqVQBq8HHM13kCyYcdQbgpump,not_scam,
Gh5KmJRWWspbnv6qzxPNp9izRrDYPrSDc6ULAja9pump,not_scam,
B5Kufi1MgcXXhYwqwLrtxGUZgYRjwQPKJpM24Fbbpump,not_scam,
5xbhE9V4uy2c7vZTeVAfqx32tdrR37ZyRQ7NNnx9pump,not_scam,
77Qke5U69yYGfaYGDMLDoaJGzNM4wSfsEcoXFvoZpump,not_scam,
FwCr43dhwjNQCBaa73hLQiw42ArCs6E3bhbmohHwpump,not_scam,
4qvqLioCBw4nJrKfCt9LYD6dgSeULCfHortkNvmopump,scam,Бандл с девом (индекс: 2)
2x22SJ34ctC2iVZCbEc4r2ALvL2PC9ZHCZNnauJkpump,scam,Бандл с девом (индекс: 2)
38rKAUN7PPEUpwiA9WPwGzCGBABwsaQoGyWzNpE5pump,not_scam,
2vxc9ojwfo3Yy287WV5rRnk73ziy1Che9Ga3mwdvntNS,scam,Минт не заканчивается на 'pump'
DX61kf1Ue4YebuPYygtT9WQgxdFmDQxXgsXmddMpump,not_scam,
E32nxVB1Fk2ae4txTkhwxKRdtsvYsGp141fDhSenRqCF,scam,Минт не заканчивается на 'pump'
8rSMH13MwpZfVjZsfdPmMatLZPAuV1dasV7qcnqLpump,scam,Бандл с девом (индекс: 2)
H4oQ6R1Wdy2R3pT1DeULd7mVE1QnpYpuHPNc5p92pump,not_scam,
b6oqsAm4qm7DDGUQRHY49kxspVqPmA33TwcxKtCpump,not_scam,
GdX3gqtC1W8jpfYCUASUDz3YH5vhi1D1hZHSroqWpump,not_scam,
ATe9YZ3bZyTXEP12HiwEFCv8ESRig2btPCSkKCFYpump,not_scam,
C9MMfs9TksAJEXHrHKeAUk563VSdHBEoYoHQ969Ppump,not_scam,
HSA3LyrUv52xTcg3nA2aDvqHL4LV31ftTJ3WGnm488q6,scam,Минт не заканчивается на 'pump'
4sTU3tNwcuPhc5sGANCjxw5uc5ny7YadMfYT2LQxpump,not_scam,
TRtvw2w88XZN8t1X2f6SRGo6YcEazaYmv4KJB2epump,not_scam,
3HfLqhtF5hR5dyBXh6BMtRaTm9qzStvEGuMa8Gx6pump,not_scam,
5nUiySMRmHMsjncANg3pKnwukvLJnAuVidRc5te4pump,not_scam,
FysVMh3cEL8GKXMT9pGC31AsneBE4ah5Fq97AR2Ypump,not_scam,
62gDq6cbFQWszRRN4Bf6nNRdem7uoHEYScv9mmfCpump,not_scam,
C8Pew29eyABAi8WDYuuKGPaEbr5SF5Kpxo6zujRypump,not_scam,
DgmGSX4hTf5wVzeEYEE6A2J8staZXiT1zYM6eQx8pump,not_scam,
53FyPfHQfBNSMwNax7bsLDRJhky7rG3grcuCjZ4Cpump,not_scam,
EMKZ6oGAjQYBQSeXT5qNMZP77RJfLdcsDhb6JT4tpump,not_scam,
3kqWAhsTWWZ3tuiDjTkjbg71X3o1Vi3kYhnAu8vDM4rt,scam,Бандл с девом (индекс: 2); Минт не заканчивается на 'pump'
AxfJcR1JVvSyjZykdGJogN9v77ws55AM3C8VGcq1pump,not_scam,
6EnX4KGDfgbNWsRuXGZ1CBPJMxZxGAn2FJUHSdArpump,not_scam,
4NGbC4RRrUjS78ooSN53Up7gSg4dGrj6F6dxpMWHbonk,scam,Минт не заканчивается на 'pump'
FDJ6Wya7u95bXe2V6PSKeiNs1ZUrbmHq2UzxwXatpump,not_scam,
Hxfotb4BfZntqCYVWe4ZEAtY9VPiKKxgV7xHE7ZGpump,not_scam,
7gztKsNWjppUXSow9A49HdNaHFDG3gpDRAmtjj4Wpump,scam,Бандл с девом (индекс: 2)
7Ap9nLKjftz5tTbRZkhej52D6pwtLGrwx6dtbyXbjNmh,scam,Минт не заканчивается на 'pump'
4KTJaoUxZZDT46ZrEHyMFJ6SkW2Pq1fNK28hX5eVpump,not_scam,
iuovot5QQ56gJ75vVGmevhmR1k1SbqrfSyn2aCiWHbY,scam,Бандл с девом (индекс: 3); Минт не заканчивается на 'pump'
HoKQAKxHnmqVAawV8WDvjMqHQSbSysdzXz982Fepump,not_scam,
9YkwVCfGExsMRHHCy7Q9unMK1gTYDNDRd9AYRBB3pump,not_scam,
7HkLVNuwAxDXUWg4NDMQdELVv7DfArQq3ZJvbGm4pump,scam,Бандл с девом (индекс: 2)
J9qAtjr1FH3YEQASrbXnENWnxBfHoMU6xgj5HDBpump,not_scam,
4VvQZExdUSNPaoLuNXsRNNAkUDJgeUHGFmet9JCupump,scam,Бандл с девом (индекс: 2)
9Wf1gAfYYWKe2uHcWp4ai4HQiy54aZCbfW1WsPTNpump,not_scam,
7zcDFDSFH5rV9ESrvSG5AvAaG3AAQPRa5m69gpftpump,not_scam,
9opfUhTGNJG7BTD1UgUa6SXCAQnv8vpeU7DAvYPT6SGJ,scam,Бандл с девом (индекс: 2); Минт не заканчивается на 'pump'
AuF3s82PbEu9e6ueXDLeDU7bvqtzgp4oKYK7Qc6tpump,scam,Бандл с девом (индекс: 2)
4cE4Jvf8nux9pLyBaejMeAZdB4x1orKiZTEQgfuEpump,not_scam,
Gd7bWC8CAcnzc2XJZ2CFDtBJcau6sy4QhzrskXGDpump,not_scam,
92kBCw7XZcGk5EYHKsgmq6zcwrYobLL9JD8MYZL4pump,not_scam,
5bZvQWq86Ug54VAaNpxxebzR9cAHCLgo9AMVHnuANdev,scam,Минт не заканчивается на 'pump'
Tman7tQDzfjyisxCQQU4C5EB2tDwASW6EvkPAovpump,not_scam,
Docyf6mKY5SDw1nvoP4wP4TUA6UjVYTrGsPsysvgpump,scam,Бандл с девом (индекс: 2)
AkB7jJCuFGAcGUY35Sbyj5ur6gNshmG1n82zkZCRpump,not_scam,
b6XVsSUtBYiftYzPTLf7qVzYdPmqLCGiT4xkGQUG88k,scam,Бандл с девом (индекс: 2); Минт не заканчивается на 'pump'
2YcpfsUinm3cmSYFwNKYZMArE3A4Ag2rLn8Gy2rhpump,not_scam,
J772QWnwibMA9nbXrpAdQYzoyQ6sKKcQSJqM8q8EodtB,scam,Минт не заканчивается на 'pump'
RScrzXACcfUBacDe56qfSC4p3y5RuQnGhJbUeMepump,not_scam,
HNEkZuRR9RtuG5YYcrckCW4vPKEswzDBQUSSSHdSpump,not_scam,
3cb3ZjhPaPez7qpoWewhQbaB1Uqa8cBfXngHfugapump,not_scam,
BLXscqsSUojxForhAV25tU2b6g6J4St3KkKHJFfVpump,not_scam,
GMpMpPuoYQYo8yASWyyS3o2RNKTHpifdjQ5hGLZeCzFb,scam,Бандл с девом (индекс: 2); Минт не заканчивается на 'pump'
HDqPTD2KegLoUdr8jhKcHJUNiYFmf3o4zZ5HVidzgnTB,scam,Минт не заканчивается на 'pump'
6TuJqKTezXibzBquF25t5Vmi4N62UENv7KdL6yYrpump,scam,Бандл с девом (индекс: 2)
GxLJMSbKcPVKUyQ9mGP4bFjFMALpJQtunt1Uvk6xpump,not_scam,
8etGr2SwUKdnM1VqXRzUBthEmFfk6M3cKT9765xbpump,not_scam,
Anct7Cemeg3GzmzQ2xNayNyUKi8xFMfZGynaK5TfbiYQ,scam,Минт не заканчивается на 'pump'
6p6xgHyF7AeE6TZkSmFsko444wqoP15icUSqi2jfGiPN,scam,Минт не заканчивается на 'pump'
2XNiXaK9qJdUFeebmpit4Jk7nWXZYpcvbQe2m31Gpump,not_scam,
FZjNdJQExdqDhtYVAL6rD84rbmoKcy8LSw7SqBVopump,scam,Бандл с девом (индекс: 2)
2Ci4LE1U6huY2PcPkiy2T42pPMf9jJo5uYpRZf61pump,not_scam,
J8dBmnAGTeXA89BdHqzPqUM5zR6F78EWD3irS27cpump,scam,Бандл с девом (индекс: 2)
CboNYLSj1w7toetwGm8yEQqfHVetAxGfgqREPf23zKp1,scam,Минт не заканчивается на 'pump'
DTJvuHjaeTzsL7M5VFavB6BYvyDv9WGcGUvLwpY1A9c6,scam,Минт не заканчивается на 'pump'
J4qgiNTivoDBNrCeYvSXg3YvY3KqFT6SqDpj3Y5Npump,scam,Бандл с девом (индекс: 2)
FMco3Qm7WKvvGXdVLiBQMZeuXf3P2w4VnhH2j7KJpump,not_scam,
J3tU7fpEzC2AniTX4iYWHhdam5fQ3hjntVSEjPcTpump,not_scam,
Ddch3nKpszBEbz7qEJpkHeU8xN7iYmSYqzx5sVcfpump,scam,Бандл с девом (индекс: 2)
Hj9HUF3TvuC3HKohnKLQeMWuv7RLi5d43TnDnABvYFXU,scam,Минт не заканчивается на 'pump'
DE6PPraSa1wWeTGmm3j3PsQa3eXmTdDd7PKPv25Bpump,scam,Бандл с девом (индекс: 2)
9siTZBrxfK5epAqX979kFxVBV73Gkb1NjhGPCnEQpump,scam,Бандл с девом (индекс: 2)
EjSDN9gV8RT8XRu4udwE6dSV2QZVCpfZW8cxuRyPpump,not_scam,
D48TsQm9ebGCE8rzYkrdoTrRqAK766jhWdFNswDtpump,not_scam,
9mmaTQaPS4cbQQfHqKJ3bDKDtZY6oKHkqgbPg2Hkpump,not_scam,
6zBVryU4d9vZ2rp27fqzFph5WNzRR5q1jpFZ5RLspump,scam,Бандл с девом (индекс: 2)
HJ2UxAf7aGhMWETcx8s3Kapj7QGLrT9QBuNdkpxnpump,not_scam,
Fk4P9r6WXFzuwUwTfDYfxtZAsjdzTdDQn1ib3LF3pump,not_scam,
6ULDa42UFymQNoEZQf5eeBWeYBpQWLxpiZBf3qTPpump,not_scam,
GdAEnzZoFnF1XzvnH9CMTJV4UPo6k2Vo9QZMxLCQpump,not_scam,
6zhctpPcDGiH7PG6BV9CjzBG1Nbmp4YsHce9oQVCpump,not_scam,
9nRQgXoeGpeTXEuHx3wDgtLj89h61x1o6J3tosKcpump,not_scam,
8A5nc59fvBUxYeefHn94pV5J5SWzkXwYHwN3rWtbpump,not_scam,
4TZy3vjqjGunt1eTEhA4Q4GEZPkJQDCUYFeyVSbtpump,not_scam,
GdAngJJenf1pRNQQJQvifYQ4iFeUQQDa2yGQtYbdpump,not_scam,
2SxUve9xZRHT11kQxkWehTqGLyRKpR79SbEXSsZ4pump,not_scam,
EhzVcKKmGjLk6pD5gLT6ZrTg62bMgPgTSCXXmANnSyQA,scam,Минт не заканчивается на 'pump'
3ZrYiHPdLMSUf3Gt1osEAVYYTvP8Qr7yC4NrCfTtpump,not_scam,
BhH7MVK53jkxjUXTMc9xtMwtXC4ZLftstsdCFLAdpump,not_scam,
78PJLzxrMhyLAfzZfHDedMcdnvuoTMjtHzJ1g8mDpump,not_scam,
94ciTguEJTV52tXjcAdWTkRFkGcQZVutu3GhG8nEpump,not_scam,
9ZNQHwFtR5333xCoYGQKaP6mQZfYb1cXyUzae9Lopump,not_scam,
4PkK7Dq1on7J6ZdbNNgU6KUyG2cA9vXrTaVfRTEKpump,scam,Бандл с девом (индекс: 2)
8tp3aAfpLvYr3MDBpzTiTdM4rdhyvnmHWWCjjG1Cpump,not_scam,
9vC1xXWwkvp2KWGvsakFPfU11aCtmF7C9nsuG9s1pump,not_scam,
5cqFthSfavWm4K3fcxAnpbGG74pYPLCmsJbYfJELpump,scam,Бандл с девом (индекс: 3)
CZqp5QKoxFXaUE4jcek4uL83s3YAa2SJ1uPS3xkqpump,not_scam,
GzTiBFbtP88zE6GSrqhDViCPfmeyLoKRamRorrbupump,not_scam,
DorZGC9jN1SJ8vPP7rxpfzkUPNji9muD7bc21kXVpump,not_scam,
B5rP67esmd3SgNEDW5a7QJ6KtDMFz8466v6JM8fApump,not_scam,
BCsSNBCzVsYACBYei193p4d7hVQDriqkBNbHUBK8pump,not_scam,
svnBYUDsLcrbD1k6aCjUMtN8gyiNRjesXuU3tsupump,scam,Бандл с девом (индекс: 2)
7kiWphiaPm32fC2rCtRiDn1XRirqrrHTqGvWTRYYpump,not_scam,
GRhZbPnwpU1Wmb2UnUdB6JozddGKfRYve1NqKJ9jpump,not_scam,
GppD42LET1LraJHxgjwKapLb5w2CzZxgC2f9aJxcpump,not_scam,
3WLm12ZAf94X3bie2JdcC1QG2iZSkaXmHkNqAMripump,scam,Бандл с девом (индекс: 2)
8VrJc1F37EwpBLHr1ZuNAr4H1D6qPxfL67wVLiLHRPkJ,scam,Минт не заканчивается на 'pump'
7jGdW8G6wMwae4ypZtXjnTMLZ9EfS1TZMjWAp3kfpump,not_scam,
8SQJQnQUnk7dE3U3JQtVdiHfRJ2gvmWdXWPWVgNejsKG,scam,Минт не заканчивается на 'pump'
HuXMXtbpWBss5FuLHnXUd66eukppUZ42yHpYAHVLpump,scam,Бандл с девом (индекс: 2)
AvXm1Ev5w1uRKNJSUa6vWLmXWrZP5rsT13XVMSqYpump,not_scam,
p1T6bDEwEgmBrN7kDiJPZA11JLmJBqKiuF6LtZPpump,not_scam,
DW8uSsBkAbNk6GLjcviuM2rhks3CpEwZfhXEDUpCpump,scam,Бандл с девом (индекс: 2)
7v6APW4jzW2YDNdYoy5CPj9a58NonDRxK89RefKYJdHf,scam,Минт не заканчивается на 'pump'
9hFHryLLAGYtTrx9PGvVnrjU8WPLASGBq7KtkBR6pump,not_scam,
6Epbi2R6ZXf1vFVPRx2hfjjU8PfcStRWDkg3UK6Mpump,not_scam,
HDpaw1QSAeU8fkXpr4T65zUr7AjhcyEdZhLbT6iEpump,not_scam,
68joguU2NxRgXVPuhEVUuxNhVGv1TjjshoqvaSbjpump,not_scam,
GdCbKyFz3N9Vp4TUMcpjQ9WYABpUi3gDoH82voSKpump,not_scam,
Bza2Bit7tkGeuPHaURxrTD7yENNYjsHNSPRYRiQ6pump,not_scam,
GZHjm59B7y5qZrhUUaFWu9HXadujrgbwRQ2Ry6s2pump,not_scam,
C4F6j74R7HxwgmoPcQubh1cqqcHYj4esBH8VHajFpump,not_scam,
FgPHZqcQwMQnFg5uEyDCe6gxn67jtxsuZMetQngwLKJF,scam,Минт не заканчивается на 'pump'
4ABYjP678cXPnCB9kQnPxm4MsDfzJ9riRpNHv2541dev,scam,Бандл с девом (индекс: 4); Минт не заканчивается на 'pump'
E69kmCw2J2kjH316YQZMV3pSz5HBi9o5tbF72JZNe4fV,scam,Минт не заканчивается на 'pump'
75mJwS94NPUm2z5UZ2WhubEzxD1y9U9Hee34LqEupump,not_scam,
CY3SJtpdRgGuNw8TpjtKtD1gdvUEjKxKYGmEG2U2HJLT,scam,Минт не заканчивается на 'pump'
Bz91k9UM7K67FqmHQwTPpGiQ292Q3poKnUz3Lhrypump,not_scam,
BSD4Vss76hvfdh1Cwv5MsgsGWgxZHqcts6NfDin6PyMb,scam,Бандл с девом (индекс: 2); Минт не заканчивается на 'pump'
Fu9teA14AMmZCTkCHkzkQfe8fTjfP5KrV4ZjJH7Jpump,not_scam,
2QSCJDpAZF9GwrznrJEsTdNjwHWL1LVrzuN5DkUGhFMU,scam,Минт не заканчивается на 'pump'
GdD6APQgTMpEkBQAqnJ24QesYrg8BNew66CrHHJNpump,scam,Бандл с девом (индекс: 2)
CrhLhys5g2hdbt4c57rdz5wwqm3DDzuAySmcvuhNpump,not_scam,
HrQTp8pTdxxkq75DzQrjCFmKJuxkvCrBKZaU4d2Wpump,not_scam,
D7ZeYUvsz6SXZioaWLwDBMifjL1RaumNeQgnJ5Zzpump,not_scam,
Br53WzKjXMLntxR9W2icZRNRyJA5wZQr8yfCVSVcpump,not_scam,
8BEmCXZG8ReCsuX9i7nQE9AC5eLLGQkgyX5pEqKXpump,not_scam,
6N4HwnW33EaMc7TsmHz25HTLdfR4knh668xw9L82pump,not_scam,
HjKYDj6ZxJNvoPofcTCQdyNuQvvT5snZuxqFmV5Ppump,not_scam,
95yWCt6YwufRBrjj8UALUF4ow7aSSxUEjc7qrnW5pump,not_scam,
86yyD1vbp3fLC1BrRo7mAEu5UCePsmnm1W1ZDwpvpump,not_scam,
59Bve2djZBFjYYDvMYr6ChghFbeTCkg51TMafiw9Xqf9,scam,Минт не заканчивается на 'pump'
FWReLEHFKeTiR9dprv9GvFUww9V63t8rFqYPfNnKpump,not_scam,
3GjQ51oPWB6KqP4gmWETVugqYTXSiaTNogJe5JLzpump,not_scam,
9bvjGEbqm9TxcYK5Qdayk2BZAqmq1RtNj1poDzw5pump,not_scam,
8o3gpUh8Gvim7pi8zuRySmMznmFnL9WBjgZx8yoRpump,not_scam,
A1cEb5N1pGzrtjJnjJdYJkoe46vRhsFwy95Z1Sqcpump,not_scam,
EFujUxwmbr7QPuFk7k4RMVsMkhWESfLD3YVXsB2hpump,not_scam,
CgfqPEChzmUBbnJztFU9C7QmuXHCVWBRULso3yW4pump,not_scam,
5FV7FT8DKtxSrkERJkxMdATkWFwJATh8qhsmU1uwpump,not_scam,
AR6hGpiHhYQGw5u3wgBocmGXJ8yZHApNSMUMAH5kpump,not_scam,
26UQzQAqN5Wt811JcqN6HnyroDQzmBRS9V3MfAkypump,not_scam,
G65wPAbtpqtdUhG4Ja1u1otD2ACm5eaBLc4Qb94TFJww,scam,Минт не заканчивается на 'pump'
7oLWGMuGbBm9uwDmffSdxLE98YChFAH1UdY5XpKYLff8,scam,Минт не заканчивается на 'pump'
3mA84Hp2BxfykUi8vcBhonh9VnBJsw84spdkcdUepump,not_scam,
DPqSjaKf4BLRMGZtkP9UXct8FKUcYxvmW3vPfAwdpump,not_scam,
J3YzzBMmpbZN4CcRrU7DNDRbuE2BBe1mjRGwQaY3pump,not_scam,
CcoM6vt2EtWuxFNCtr9ujsjfhAkvd7fz1yEH8TgNpump,not_scam,
GuoUMRu375TyBWA6ukYtonnfjJX5TBQKGVQiebT9pump,not_scam,
8KEEjdkE4LJELX6DKjB6gHUqcUwQJETCQnU5gMfTpump,not_scam,
BEvTNi9MVnaCP1kXHvY2aX754DVBhkoDQni2Tddfpump,scam,Бандл с девом (индекс: 2)
4PShk6sxUzZrm1KtAz5oTqt5Gq2FkoSmeTagqT78pump,not_scam,
FXuTjptvdDdXaCeAwXC56TwSK8KzmrY2BFsCYwXtpump,not_scam,
2Hz4K3QdMN2c6jvAsg1VT4pY7wksjwB3bbwJLKJTpump,not_scam,
E8Tg365aywSsxHvBJPLit7nro19G298Ve8niuBQSpump,not_scam,
AU9amhzA8dV9u7KyUPG7jX3UFiFTLzyTXM71YMkYpump,not_scam,
FLfWp2P3ZiXLyb5ZcD9ptFnDsdN9dg1yZ8x5tTF9Ruwp,scam,Минт не заканчивается на 'pump'
468R1WbwBhwiGLZXnHYmPgxmR7xrFdhBT9R8eUUjpump,not_scam,
Dsu72CSsd7cwsfjiuaqNE8ceX7X9cRiTLzaAy1SQpump,not_scam,
8c9CV1N6vLxrnz5WPDRn4yuyXyB52o5rcNLU3YaXpump,not_scam,
DkRYUU5hK1HwFiEicQyJak5jYLSGhgXqTa6uQ1Uipump,not_scam,
6i6bagb5nfVnkfkfFVPPPEEvZ2zVhwyFqCSxTm9ypump,scam,Бандл с девом (индекс: 2)
ZBCNpuD7YMXzTHB2fhGkGi78MNsHGLRXUhRewNRm9RU,scam,Минт не заканчивается на 'pump'
C8wzwxVrnMviZeUojBzBBAH5aqGJ7B9xrZzHqbj2cv6c,scam,Минт не заканчивается на 'pump'
DTfZPKhoivUxtHwHXhzdUYGhzpHbFYqyPWgwo2oTpump,not_scam,
5wPUZ1uLQmvNWCiidTrK9ZEigrFykQ2zVsEyEC4zpump,not_scam,
GLbG2iwUPXoTUCKwqzsMAu9mZUq1FW5sj9fbkBqJb8nT,scam,Минт не заканчивается на 'pump'
7iVthDaXSYF2MtMcXsUve9EtRzTxE1Jqbk2NADDNpump,not_scam,
Hw1MKAxoRXuAFjoVKPFta6z3NKJApy41uFnEBehkhBWz,scam,Минт не заканчивается на 'pump'
4RwDLPwGT6bKnGcTpQUjNbk35s1fi88LuFMf2KENpump,not_scam,
FAQ7HgheB3FELVPRTgYr1RR38B2qN4iT6nCQizYBpump,not_scam,
9bQrHaUrS5sppj6aaB2cGi51DMTEwvSGKmj5jMm3pump,not_scam,
9QkcgDxiwZUAWrJsE26udcB7s5WiK1CRwZmgTQ7Qpump,not_scam,
DHezD7H8zAtdo1C2NSLD6887UT2by6kd8ZpgEh29pump,not_scam,
6kHvSS67M2C8cFV24wQyzK6yAKP4PD5EFhJkYfnRpump,scam,Бандл с девом (индекс: 2)
97gq9nRXaNpACJ7fPD1vPNfc1RD711B4hRgnHqF5pump,not_scam,
2nWqPs3uHncjXkkwWHhaw7UYVdByx6tNyxT5fZrNpump,scam,Бандл с девом (индекс: 2)
Cr2vcWpopKm51J6mFnsKBUY4Fy3nCYSk5d1BrF3RELAY,scam,Минт не заканчивается на 'pump'
HmUBkaxyakkQyBrtbdYai57Uyy2K5PVC8BuC31eRu5vv,scam,Минт не заканчивается на 'pump'
Gvhoq1yGWGPG7an9PPDCLFqvB37xJGQUJw5FtVKZFMmE,scam,Минт не заканчивается на 'pump'
GQcNHVNmrRJh7W414ohb5Jbijet11T3SHERQNyDUpump,not_scam,
DXg3yFUww69712mDaAxKPx8T4R874okBEWxm98FSpump,scam,Бандл с девом (индекс: 2)
xEMHxgS3xjgyBjvcaDYUFaoQg1wbTDUF7EsrpYFpump,not_scam,
GaPbGp23pPuY9QBLPUjUEBn2MKEroTe9Q3M3f2Xpump,not_scam,
3F4yhC1peGU8pP5KY8N7LzkNK33kcw8m2vxAbDNgpump,not_scam,
GhDEziw2dr7F2Ko9izjjfTWdpyrFosuAjMmi4ok5pump,not_scam,
EruQiJJXYgM1NpART1vBr9ifJTjhN1URFKua9Ukf5rtt,scam,Минт не заканчивается на 'pump'
7G7kLf75rrSTM79heUQZd9jTEE9RJJcw6gehHeCupump,not_scam,
HKakrAXpjHm2MacF6bXTJgmp5SM1SZ6rxHRKTiDPpump,not_scam,
AfH1mNK9AgvpDWxeqr6vbSR8Z5HDRdmVXvSVTfJji4Fz,scam,Бандл с девом (индекс: 3); Минт не заканчивается на 'pump'
DKu9kykSfbN5LBfFXtNNDPaX35o4Fv6vJ9FKk7pZpump,not_scam,
FrEXjzt6DCq2WDoCWUnf39kgighiWioGq8yjyUz5pump,not_scam,
GAU3bR4NrrPrqy66JRe9s4DHXpwNxoGBCBNJMEvypump,not_scam,
AM7FitCsUJ4oNntZ5CKjeYAP4QzCdAMjtBMnMLHtpump,not_scam,
B5XJ8mHXrpii5vkETTC9Xg59TiC7Dz6McTBTEGE8pump,not_scam,
4gRJvikCKNrSHD4ZiboH1uqJyoFmsBaaJUQos3Aepump,not_scam,
Etxv1Hqzf1uqugjygLEdF3vR2J9pi1P1w2DoXpHXnRKU,scam,Минт не заканчивается на 'pump'
soG4tH5ynVKkriF8kPGqpLwL4aMSZDch4wzCje9pump,not_scam,
GPjsgDFeEEKa9bT3v5T9pKJDqP4Yvgseporzz49Qpump,not_scam,
AMG3m69rrBpnNWJZGVJWs6oRTqE5fXHGhNwQbvaMjFH1,scam,Минт не заканчивается на 'pump'
81gMV1ANDCWFMPubA5rcxFdGdvqpcYe35kZKAyftpump,not_scam,
7bKscKp51uCYsKBt3fnrDw8b49Ns5QjEPtBTXpDupump,not_scam,
6dt3Ptxm2cBCgyxyUy2jA7CiA5LfUyQuKyFWJzxSpump,scam,Бандл с девом (индекс: 2)
G893n8kzPVgtSvTgCLVugxRHLcimJGGzTJWW7Y7Epump,not_scam,
GJhm6qhyCBFDkJiF4W5vDBAfa8T1NbVkY8ecfNenpump,not_scam,
HvJrqahuSK2yAGNhtLLahQqSDu1QEa7tBGMZRsPXpump,scam,Бандл с девом (индекс: 2)
8LKGcEfyyg8FvPY7xdXUfn6ing2Gvkvwd1gpRZxNpump,not_scam,
HCtCVrFJdW8o4fiwfinxagRxrzLgDJuj53rbWiRpump,scam,Бандл с девом (индекс: 2)
DNBdRCwgk9KsJdf31GG9WqttFTcp6QPstHvZDUsPpump,not_scam,
2q36YTTfcjF5D4XZCqGRCwG38yzveo4gaXNRyCBSpump,not_scam,
GTi4wLCwtvKeqx1Y12jv338LWvz5Mhy8ezut6P69pump,not_scam,
EkieqTT5Bi4quZHdpwKLtnQvkEkfazVvMnEUBe9dpump,scam,Бандл с девом (индекс: 2)
2LWFyZTCokFro7jnxdcQyiC2aR3x7MLka21p29e3pump,not_scam,
BrB38pUgAstfwUvs58VwAMZcQQMuqMA6QmdxPP35pump,not_scam,
5mmuzSyRJS2tCVBLCx7SccEGgbejthDuzFvfCahXpump,not_scam,
8W4eEESGkwmzDDsA42B8b6YRiwke9ge8wEQcZgbspump,not_scam,
BPpqkQUuJXD6Wr6CA7k28o7qjihubzqmvALFKjPFpump,not_scam,
BZz4AmRefuDDaBCN2zW6UdcU1Le5wVisJCsGM7tEpump,not_scam,
3N2U1BXBbNTrKbqacz1T5whincgWgjf1eV85KVoLzPx4,scam,Бандл с девом (индекс: 2); Минт не заканчивается на 'pump'
4k3Dyjzvzp8eMZWUXbBCjEvwSkkk59S5iCNLY3QrkX6R,scam,Минт не заканчивается на 'pump'
kinXdEcpDQeHPEuQnqmUgtYykqKGVFq6CeVX5iAHJq6,scam,Минт не заканчивается на 'pump'
3usdgKYxdTyD884v153dTqxHRwXjYP858N511TqYpump,not_scam,
H1Qvi9qZay2ujq9muw33NzzzbYKzCec4Bq7oxeospump,not_scam,
ErP6uJz8uUUC5UNNUgT3CjrH6YECMh9jV7kgufNEpump,not_scam,
21L2cTYLR6Jjynen79RmLbxKd6hkKiK7jvzyDBxPpump,not_scam,
DD199EEQke6633iLvy3b8ipUwbGyZdYkNpwc4n71pump,not_scam,
Bg8khsbDqJme64f5iaEzz4sHBnLXVT95hureXbwWpump,not_scam,
S8pm8yCmYwY8ayAeCG9uEjgg66fZker2YeJxKm5pump,not_scam,
78D6surTTsskgfYvfjyhhqJDzUMqRx42fcdKqic7PxCJ,scam,Минт не заканчивается на 'pump'
FwrcPjGNdTbBXWBKktRvnNTnAfRNtv9nPDGV3gjgpump,not_scam,
69VKrGyh4hWX7jaqMY4RMLh7sBFfY5DD4UHgxDk5pump,scam,Бандл с девом (индекс: 2)
V7ngEg8WkGtBhKQBcKZ2wzNpg2US3ij2V7i6rjypump,scam,Бандл с девом (индекс: 2)
Dd1VYyAeMteQUxq7ZBAk12WFh8JrZFNfjVyN2jQxpump,not_scam,
BsQejSJS6Jgn292WzhUtpeDRMjQ1S4wkVyp4Wgqrpump,scam,Бандл с девом (индекс: 2)
HBs4ykWg9k3Ai7HrGxfkxd81dHZnFjm2Vry8Meorpump,not_scam,
J4HjCGChpnMhQxWuvi4tWNitNLWAG83mPLBEszimpump,not_scam,
DwHVzc34ApH7b5n3H4twpfGhpshx69H4xNXZJZjypump,not_scam,
AUZF97pUpnDiamV4cn4Y5Zdu3ZLFpDxTeHsphadFpump,scam,Бандл с девом (индекс: 2)
G54j2Q1qkX7XcTguRLV6EAe3nxP6RAkeab8Xy5npump,not_scam,
29pEdjKPjtL9Ng1ZJBUBv3cfUpxtka2SoZ6ymfcMpump,not_scam,
GFYshtFjQbsqnzxoiv1kCRLCApfzyFu4W8tJyEfnpump,scam,Бандл с девом (индекс: 2)
5YTcPzvopN3xrS6bmX5eMkZ5dhYPJK1wY3KWG6sgpump,not_scam,
Bw5ReHat74Fs67MYiKgvkZWfGZ1qBTCSKYn7c54spump,not_scam,
4ACFSvpbaF7vS3k2WWzubH4bC8L3r3wMSHHL5jcFpump,not_scam,
6ksKYMn29wxizNrjEMBBW2QMeCdfmtMivSgpvyLJpump,not_scam,
97oq2gWv53hcWL9BEm2yk6Ko2dqzfwjBB4C9aXBQpump,not_scam,
FYdt48Qe269yDUmejzDXW6zUhHpTrNjWrhFs3RAtpump,scam,Бандл с девом (индекс: 2)
mVFbQDuAhuvLsr9sK3YVatoCqgiR7Bp1FiYQwhtpump,not_scam,
HqbPHnLiJD7wczHrecsxFUL91AsP2Jq47gsoA8xSAGAt,scam,Минт не заканчивается на 'pump'
FJVuXdbaWq88Z9T5PTNqBrM3YKjfU6ienypAtyJspump,not_scam,
AjmDLfpkusRVVMU6dV3mGh4s2jUKeJCUtmqs87ZSbonk,scam,Минт не заканчивается на 'pump'
GcKr6uNWPKnuAGw1wawvFEyFrtkZv426DuhQeGHmpump,not_scam,
C9SyWh9XFd4e5rAa1qRnpptDzpiUKEtvThVXR2fWpump,scam,Бандл с девом (индекс: 2)
AQVb4GwGeuuYRAV9AeLC7zYjrUjdWYDD9f5UM7qnpump,scam,Бандл с девом (индекс: 2)
snVtsC2xB6sHZsHpC12aSx5h7FnHHHbTEQp5PkFpump,not_scam,
4gRSsSkTP3hh1TtCvjQar8xTD6eGU7mWWLBqt5jkrvaB,scam,Минт не заканчивается на 'pump'
HiFLqF3DarADprvfwrJqU7M79r1Tp8jcECFnLMjNpump,not_scam,
F7qSEWuZWNm7eVSyz2bjVUv2jxMmqVF4LbZ1kQfNpump,scam,Бандл с девом (индекс: 2)
svVrg6MoX29PbzukSvRnV8hiB48P85zKxaSWfCCpump,not_scam,
APNHG4PfkqjkYMy2VCCYTZF9iRiF7QtiXtKMyMsEpump,scam,Бандл с девом (индекс: 2)
SMq2Ycg1VnA3AzoDvGqq8JriR9HHmK3j472HcZkpump,not_scam,
2kJKVi8k9pawFqaJY2AohbfDZvyY25siiTfNsiKXaPWt,scam,Минт не заканчивается на 'pump'
GdKqGLmfruQHN67ppUY16pULezFPR7NKbssAgw5Mpump,not_scam,
2npPabKyCtmMoMW3eakeF1gitF8U1q3Hs2wTgbuhpump,scam,Бандл с девом (индекс: 2)
FDdagJZupBo935yS6h72UfjumNwrmQZadnJ3Wn1XCQH8,scam,Минт не заканчивается на 'pump'
CWNYx8BfWsvq3h4We92rC8V4mx2uWCUea6XvkWjRpump,not_scam,
AopxxfC7QrDM4EjfNiTRb8TkSe59HtwHq8b7R5f8pump,not_scam,
4gv5sQ6M5TRrPWhsb9z9tnDCPAjayfgEnauhsF5Dpump,not_scam,
9ax6Hsfe547RQNHEFufu5TtrFUk6MKot33FvzFCapump,scam,Бандл с девом (индекс: 2)
8dNR7VYYrbpJjRcXFDsgJd5LYZqTbU87ssheEF2ppump,scam,Бандл с девом (индекс: 2)
5CAXVY3DVqTMAb8p4us8Pqj23jm8ypUEj8wL3b8Dpump,not_scam,
1F9PPn1g5NWEFiZuGmVQRMpNSTZq85pEGVE6dDCpump,not_scam,
AQ3Yya9Gakipvsv7n6HAr9ML326BJE4QjnQFb9Ppump,not_scam,
xs6V7VBcLyWx415fyrdNthTNdceReBTCYhsmoSEpump,not_scam,
46qwS7cY9W6HCjmU9D7rH9zP6kszA8ix2seVDf44pump,not_scam,
G1Ypr96u8XXDahznH3nHst3ZTowhMonGtQ9z6JQUpump,not_scam,
BiaqPTDNUxBMNJ6NUR29qPVBKB3h4XCV5rmiZkPhpump,not_scam,
4PaeWybXNrrGY8cKcUbntRNtr8QHunqQMPPcVY2vpump,not_scam,
73E6WZchqEfPfAZh72bYXqSFVC3ADj931XMiowJhpump,not_scam,
FsV3nWZmt3T8UoVKodNWxf3hnLT262Y7iih43RKNpump,not_scam,
8DcDpXBXBkNwe9kU6HqyJ8xVLiahzcLxvcYuTBL24fto,scam,Минт не заканчивается на 'pump'
7j8TbJ3rabgiDzfeBYQFkhst9UsjNu7S5b7FN196pump,not_scam,
EKQWeXViEZQMbA3bWbE7VozATgaVNG6h3awRBNo2pump,not_scam,
J84TnxHG8kAGmYneYY3kgbAfwEkMsQhfdYwwyhbipump,not_scam,
4j8fMJ2NeqjP5MaZXFsp1GBTaq34Y7ZTsLVpC3W3pump,not_scam,
Hk7aZNzw98JShKkcaKpkwW24QFHkdFgLyvHzjs8Upump,scam,Бандл с девом (индекс: 2)
FtBEakEpkCpE876tzKqrvvwYDtkd781s86GaGhiZpump,not_scam,
nCdWBbVkkHbXjo8h59vQa1XXqFBsSa5dYZskQmJpump,not_scam,
6c5iD3Tg34CdTfAFEhKg784C6PobsU69cuFBEUadpump,not_scam,
8HLyaS2FHx8P2sZYnsrf7drza9Df4ZLVY6X1HfYTpump,not_scam,
DeL7uQLtPYHfpYfmeAaUfpeFmjHVPFfTcZ2VJPUWpump,not_scam,
AuJ6Hj7TekQAPV8iUA3qUkr81NpyytJHJzzXM9D7pump,not_scam,
BdTEJq3yEp68SNmeBfqBbDDy7nbSGftkDhDkVef6pump,not_scam,
GdEjmEcKZ79qFfiiqucx9tmk6UB4WTVrEWikSffzpump,not_scam,
HJi5x25cdM7S4erTiYrYuK3V6oCNj4nqYk2sNw7rpump,scam,Бандл с девом (индекс: 2)
9yB4QNZtxdytAUd8q5Xt3jsQNND9D8wSQZ2FNLRzpump,not_scam,
8U6Z7V7AfJLkztCe6SbLJ2NVpTr1qVKMkMv74DJgpump,not_scam,
9t8iUmDfx2Lv5aDSyuow8ZJ6BYMPYkaFk6rfvLpTpump,not_scam,
AdUw3icKtNV9T3JkzAd8GTSFKWBn6ehce5s4Cvpqpump,not_scam,
Er3ohxkrnJJh6XwGJegQewVgsLGvN9BxeqXjTW4Spump,not_scam,
Coqkkb745Tkz3h95qpDybsCBzGwziW2ZeQXNz1TQpump,not_scam,
AFtmg3hjdQE1U97Ka3piVY3JKM7Js12HKYFnBUGAZzg9,scam,Бандл с девом (индекс: 2); Минт не заканчивается на 'pump'
FxBUgaw1KrWvEAit96N9RLamEA55w23giBwLAJDf5sbM,scam,Минт не заканчивается на 'pump'
Dif3kwfWszV6NMPTJLwAeQZerkAjAcDv1q8BMiy99SFy,scam,Минт не заканчивается на 'pump'
7jS7DCB8dnVbEnFshbBurDzqvVF1Mx4YV2PaA578pump,not_scam,
EwQkmgFvv75jW692tAQAnxnkEQGLTG3KeRAWjRoapump,not_scam,
FfUSjTd8KXAAQzoYEpreVLTNz7QoQMNaEWc2WpPApump,not_scam,
DJDtxThPFqiSnqFdub3W2wLzmpaigTncHCqy8onxpump,scam,Бандл с девом (индекс: 3)
2eXamy7t3kvKhfV6aJ6Uwe3eh8cuREFcTKs1mFKZpump,not_scam,
FoMoWxGHHSauH9MvDPAcuptbzecf6yHA1hm9iEUtc9oL,scam,Минт не заканчивается на 'pump'
GKKvMvRCRmFgaKjgCr3ct279Bc5LaHGyp85zMcXgpump,not_scam,
g3KZUqjzKe9cy4DJPU5xpZcbDHjcwWChBQQn694pump,not_scam,
5iM4zp7us1kwVFxpFAhRiaq8En23edRbmLiyNsQ2pump,not_scam,
97PVGU2DzFqsAWaYU17ZBqGvQFmkqtdMywYBNPAfy8vy,scam,Минт не заканчивается на 'pump'
AXL9EeLemQJQzsPBeM8Xs8LWDCrNEAtevyioU7z6qAbw,scam,Минт не заканчивается на 'pump'
FFmoWzek7Nak4vbRnUYUyDPgvZW4QCJa9pzU8zMopump,not_scam,
3UknKFbbPVievza6EPsrUr28tAQQ4ujZrt1uFSMcpump,scam,Бандл с девом (индекс: 2)
E1wxkYHsJ77wETRovSwyP7chaJbzLV6RAX8W1kQUUVWc,scam,Минт не заканчивается на 'pump'
82ko79jbx4SpNPF3gDHEen1BE1kDmYwoXSTtCHg3pump,not_scam,
DZFcV6wj3G18v15XDWsFr1TLLoRJ6uvN9NYofLFSpump,not_scam,
GVzkn7p4Qs6cqaN6XqpmzZMxgK56Sc7dyHnk36tapump,not_scam,
GoJfExRHUchkGaG1m3rumnqMGrxsBW5EWPLP55hCpump,not_scam,
GLfeGpVHeVaHAeWZzgJjJk8ibB9uKHmBPewaM3j2pump,not_scam,
53xBfwMqJPnAcRLyKnk8tCpYfAWteSbX8aYPkTd2pump,not_scam,
FSGbJPW1XmwthwTk2pUoQsqxqjr3ticwWMZv32eHpump,not_scam,
HPGhem79xgdxXyR8Dpk3vnLv95wRcogWoB8QbFYLpump,not_scam,
GbXgX4g8SY5FmtTRBVXMBk6oCwSbWff6ZWDKCeEtpump,not_scam,
BZYhGYepyZMqnBEtusP19GkbA6wMyjVttA1kPAQVpump,not_scam,
wY3CuyYD1A32zqpQXHGSKziUJiBCDKqHZfD15u5pump,not_scam,
6mXua4FdXJLdW89x3d7Wby14s8QkMtq4vY1hiVsNPUsC,scam,Минт не заканчивается на 'pump'
DbPPv2afjaTaX6YNwPFHZi48k1pPGKCFdgqFVt5Gpump,not_scam,
5XJW2Bjd1XVfsrxKCrQDzMyPnSUVt31yDP9fMW6zpump,not_scam,
2DRW24HXLYvn5fmtcML512yKPeyq5enJQKKS3XaxKCDL,scam,Минт не заканчивается на 'pump'
8biqsLDiRPaPM11S42zKtNaC3WWKF64PNoPG9htzy99n,scam,Минт не заканчивается на 'pump'
9vzECbKpR3ADw9VTQF8wJmWBmjbpCpDLNRyF8Nhvpump,not_scam,
3B8dNaGcNV5DaJbr6PqMikeZvj8vzYMDi4t5iesopump,not_scam,
3BBaSP7M1yQsTQHvk5wryXzTpBNh71N8x4wgeg7Zpump,scam,Бандл с девом (индекс: 2)
FNwWjEDHp4YyadB3DthV2CbiMjozd4i7j6CqJGtsYkk,scam,Минт не заканчивается на 'pump'
2Gxve1uMZCyz4YAcLJ9zWkWNzLzSLXPLSuwejqNupump,not_scam,
AFTqCsJxEVBogphXmpE2hVs4WiiAuYFP9vtgisDBpump,not_scam,
3HHcA4CEkofegTVSdnaYzDthsXMqWbsLGPq22cC7pJiG,scam,Минт не заканчивается на 'pump'
FxfwfwyGxZV2BSMSkEk4621Zcbns2AoEQc6zhn4Dpump,not_scam,
chxJSK2rPmS9m5RVg86c8wHuHtCKFnwYfLrMMaipump,not_scam,
EqjmNd4ugZSS9ioRWgnhKuH46JWyR2eV1zWiA8rpump,not_scam,
55Z8NRV8N7iqNVwfC1fGyxQ72hnZF7y6BHaFckAqpump,scam,Бандл с девом (индекс: 2)
7XDScxjRkmR44PJGcE863VQ1xMHryFYDJE1AWzzTpump,not_scam,
DWqCs8iS8Esp3PPkRuWD3Fgc2QFw1iKFmYzfziVZpump,not_scam,
4KxKDJRRD2LBJ7HrEnuM5Y1Zt6puv8YVFBMa58dGpump,not_scam,
zGh48JtNHVBb5evgoZLXwgPD2Qu4MhkWdJLGDAupump,not_scam,
8aYnfwurUNW4kkhSc1dHenKqRKSACNFS2qCmDq7fpump,not_scam,
6JfMFoUstGCCFFTP3muYouowDsFv9SaPKR9y7hgV86MU,scam,Минт не заканчивается на 'pump'
YzGPP9MhXVXkuqi5dfp3giuxT8MgnkNt5Vh6rhHpump,not_scam,
7AGV7rNJ2aUW8t18gdfRJK4WuDKMfMqVZ1BQjC2Spump,not_scam,
H87xKBSrsmZkFW8VLfjDeUt83zSVHSNWdfnZS9bMpump,scam,Бандл с девом (индекс: 2)
3yBwdARe9LGUsoQ4Hs2Dn1RdbopQT1yrW6HjndhUesYe,scam,Минт не заканчивается на 'pump'
HXsxizBuMCbCMURa9AZP55sigVYnUFBFMHmScdWtpump,not_scam,
E2ztpQ8G5pvwZrqLVNQAL14rSWWcaagvD1dDTyvppump,not_scam,
5YMkXAYccHSGnHn9nob9xEvv6Pvka9DZWH7nTbotTu9E,scam,Минт не заканчивается на 'pump'
3yTYaxgwe8sk2XKNV4D2TEeM1FhBM4jrZ8XeB3t8pump,not_scam,
DvjbEsdca43oQcw2h3HW1CT7N3x5vRcr3QrvTUHnXvgV,scam,Минт не заканчивается на 'pump'
J7rNhDLbfB4DCh8mVrmf6ZURvSQjooD1JAjbYAPapump,not_scam,
G3PwakeLVTinoecSGN7wB7qngv56ig8Jj8ZQk7wEpump,not_scam,
3tPqGuHeHcqD7xgAPNSCv8Wxfb8Ja2v75MQWp6W4pump,not_scam,
8PDY9crwv65rxDu63aydMR4ocDxmPceKzKB8pFY4pump,not_scam,
5z2q1P5vRwPEXBi9SwoAJFRoqYewHU5c62GDYY3ipump,not_scam,
BdcJzd83waEBoNdAU9Ra8v18iKComWBjGeYrpjpnpump,not_scam,
drpjFKVD83dW1ZppCAjwoVF7p8qBZ9P5JpkDU4Jpump,not_scam,
6vCFCBsrkdCXkcYWqx1yPD36Mgz7uErD9gUHjmLppump,not_scam,
3xyUHLBnmwKXGokuzFmwLPrN5XiSXdZPVPb6xeqk2NwH,scam,Минт не заканчивается на 'pump'
FJpGR9Bc7sVW4moA8FrPa9imsH5NdQJadJxFZdZcpump,not_scam,
Erqbc56uYZ8QppLcW2jjESdPCrJtcbdZS6Hepew7Mdev,scam,Минт не заканчивается на 'pump'
EHv2p7kYxBB1sTs2hxaFuCUFq3SPed9TrmFPCsfwpump,not_scam,
DWNo3NfPWfGxjb4FpHLyurP8oAF4xbqq6Sgd3HMypump,not_scam,
4wVxgPSZEbzq7ycPtuRwt9DECUAjRFT9ku1TUsKPpump,not_scam,
6X8jYmemwK8qrZkq3Uxn6BRBXxA7YSLg5vywcHZupump,not_scam,
2ifNP2wxFodigoW3FeoHk4PAGzBqUPrRWqjBo3Yzpump,not_scam,
KsL4rCaLbriqGK2zxtAE8YaQnWLNuwEzpqAxJQojAj6,scam,Минт не заканчивается на 'pump'
3XVGnea4NkZstXf8KAsB3FowS6H6Py1vNyRYmDGbpump,not_scam,
6XhB3FTEgrKNaPfJZccphPU2tGmsSKMyUL6Y9ApLpump,not_scam,
7TQFNi3ZBriKsDdhhX6pfGCBqn5Q6wvvmT8sNNuLpump,not_scam,
3Kux1v7QC4B2qELbStvWL495apAw9ZZD5Vgnss2Dpump,not_scam,
51kBCAhob57vG4B2Te7nwvciKpb2JzEtCPiV1ByZpump,not_scam,
EMS7VGDhYwL9voMcUcV8pm8x7HNG3BozoDgch22YuiEY,scam,Минт не заканчивается на 'pump'
AB4y4r3mJTyfutDDNcoppSww1HxgQ36eTmyJ1cCCpump,not_scam,
E4YQfs4FDvo2vPR6rEPESYLSArJ95Whd8Edkhsqppump,not_scam,
Hv6mKvLMbd5sQ5tZqNM2cyFPenfnGFNQTXXcgys2pump,not_scam,
8ui4vFWjWhmp3NQtZn5BAE5MNSffTiKAEWRooqPPpump,not_scam,
BWckkKVEAacbrBjRM3VgHNN5263otkYSxEvTwotZpump,not_scam,
BRxZcgNqhJbdmhTJqjoqtRNDZFS14pqfHmYdDeirJixH,scam,Бандл с девом (индекс: 2); Минт не заканчивается на 'pump'
89L76VikPfijW2RMVCQRW6ZPaLjeHpq9SfcQ5Hadpump,scam,Бандл с девом (индекс: 4)
GFHj7kXHTzZTu1o3SJJhRVHhFMrKLDPig6CQ1y7apump,not_scam,
Bn2A7rATmFmsCNX1cZX2MMR2QW6kgAZjviUeLqWNpump,not_scam,
frAqdvC1QEstZJ6uYBZaa1HsBysxWHk3YStEyEipump,not_scam,
8fu2zKDhyChwCy9oNQNqc44mZLH5Z37CCVu2iCWqWJKY,scam,Минт не заканчивается на 'pump'
89mbNpFbtQ4kjM6xRE57u1P4U931gDWUH9ZMLBYmpump,not_scam,
4qwbfCArDssRWr96cXPFP3j3SRJUrLiLQSxk4KoUpump,not_scam,
92ibgMEQJYHtpm6cXQrW1x8Wv3b8vfZXpRF3Xf4Cpump,not_scam,
Ezzu84Bg4D6GSjWACy5KzAuFH2uQccYBE8BdvcZvpump,not_scam,
C2P62qcFUq62BXXY2aowX3ncJNcEeVaZ1uBjkPCxpump,not_scam,
4aTi928cW5n7b9VAieKYJPmrxrtq9XX4cuTUPTV9pump,not_scam,
detxPHgDjaTmAg4Hkq8ZyBdYdyGMsYpNoxwPj1upump,not_scam,
6Xuxb72hzhFRPy8T8Emm2MmfiJ8g7iurEbCf7jQkpump,scam,Бандл с девом (индекс: 2)
7GeTvaM3CDnQjRyk4dJyKXQQ5aYcxYfhbv7ainM8ehxv,scam,Бандл с девом (индекс: 2); Минт не заканчивается на 'pump'
642aDwm67VxV7EdF3uEUwReGf9gLeTyq2T3QJ1TUpump,not_scam,
E95sRqGQjRve6Gmp5ZkAUkY9qynzGRVaTua8U8uZpump,not_scam,
4HRDbXksC6jvkfgoj7oAydgA3oAbhKLg7F8wibzrrasd,scam,Минт не заканчивается на 'pump'
BXsv7G4yQoCDz8L8chxUKRYf2nRtXZmiZueKZwwJkwfW,scam,Минт не заканчивается на 'pump'
9E6LNGigYt4MGRzaTLmksKNtQDvh6vTuezLtacyCpump,not_scam,
JAuNH8tMmdMPk3fcwULZMecL2ecHrfh3zRDfRmFDpump,not_scam,
BtnJzaQ98y215g3EZKQtTAJpuE4ETNfUpVnUsu6xpump,not_scam,
HrDvJukp58hh2U2VUbDLVn4aXd3Z92hW8beLsMZepump,not_scam,
FBEj2bKGpEqB5zPyhC9QQUctoaZWAh1Ad31bwm3xpump,not_scam,
5evXFzCeEUATfiqJ5zkyAgHP3LNAq99ahEHJbX6cpump,not_scam,
GWEZFadAnpHjYkdM9BTSmQdaye9huYpyhLUqcLz4pump,not_scam,
6sBBtHUZQJK4eVgfL6cURYn4gKf7qph1zZPmj74jpump,not_scam,
2jQqWNhVtrAayo9351GPK6bfxSPQZVMGTEWFfToZpump,not_scam,
27Xc3xs7Ws74RZurDvh7LeDsHvKTpF85xSoLYk5Zpump,not_scam,
CPMASNorfa225pnxs8KUB2Kz6ZmnjQJBcMe1Ry2Tpump,not_scam,
aunYcdzA393gvb5aofUd5t68Y4jNr8Z9TADa4VcAkTT,scam,Минт не заканчивается на 'pump'
GsKuppvJ1SqmcHPRyuNjPSVYKFWSfL3PGfiwVbfJZ1TB,scam,Минт не заканчивается на 'pump'
6Bkq7LcLJKotoNeu8kCor93PExW26SPviRP26eFWpump,not_scam,
2zsDLBP8eetZ4ke6eZAev42bmspt6LampgvnLzZCpump,not_scam,
GpSyZY8VXMptjTkpjV4t7y8n2jnc6L4doUFj3QoGpump,not_scam,
7yUkpEumiCTgd5UatWknUsavT2YsVqStYpkisjUnpump,not_scam,
5GzVCAYxipT1Ud6DG22kV82yVsnGSLUhxBKoy9BZqXYF,scam,Минт не заканчивается на 'pump'
Akipr6wBqF9sjipA2qyAdHz9FzzTN9Kpm1BCzbodpump,not_scam,
HaoTJVYV4AYys7rYCZvaiH1umA1LDkVGQ4wczviRpump,not_scam,
DFnBcs4QRWzxsmsxdbQH6p3gBMCFvA2dxC4Ke26Dpump,not_scam,
2y79nTK855bnMmRcuSePvkpXejdUDh4pHNoU3BVvpump,not_scam,
GdFeeEwuFkB6euY5TjcToNPXUDvpBAmRcHBF2NPHpump,not_scam,
4DvbpRtC3ErW45qaT2QEPwsKWbMk4n6rKhBGbcUwYxFq,scam,Минт не заканчивается на 'pump'
CnwbqXX5kkWsRNiSCoNo9ZE8SBycXzv3jMbS4FJcpump,not_scam,
AFFP22ZXzceAFqUP9ejnJ3n3x1JTSuaaxzhv97VHuEt,scam,Минт не заканчивается на 'pump'
FBh2JYfqYndcRDopLMtVNC6mHGb7bUaGrLdt8AxTpump,not_scam,
5SbBHPqcbuRTbueEXYj1HT7f65Gai7vcWVtHNDgBpump,not_scam,
D2nhHHszhEBQ8giyzPAyLLcwPGgCSiiZif31JQJMpump,not_scam,
EpAie9gcry5gkAgrZWwdfB2CeaKp8R1wegcasueZpump,not_scam,
GCMq6r6Qk2EMeEwkqabrJozo7x8egzRPC9gBhxpwpump,not_scam,
2rDXXDz5thEPSCKXDUHJUYNjjBrCLFUqT8zXLW8qpump,not_scam,
ANdEjD5Ca3ABrSrEHt6UWapZ2GmURQnbmSbcv6LMpump,not_scam,
8RE8Xhw6pMCvWyUUZtx8u6Cyk8YaFYhABsyvq5DXpump,not_scam,
8csPBfvri8kepTNKcBeVKX4dNEVRExgEcBZhPPTKpump,not_scam,
CgCppnfjd9SDfT3cxNjZKnjVR7v8ZsSRaeabfp9Mpump,not_scam,
83KDDCFRiEiqJCyjcJUc2sA5thRmY8VNCuWfwGHqpump,not_scam,
3Lmc5senkWAtjGuvRuPQnDaCSeDUcUmeEXzZvPiQpump,not_scam,
EDXoyREB71PnBTJQoc4vAtEXkHyAdzHvhfP54wiPpump,not_scam,
LDRECje85nGeGHSXo6XMuC5nfvMoeBcDutnRt3Kpump,not_scam,
4bsW8oNrHqrbZkCv7rFmbY77k2rgMrX9c7cRZ2YMpump,not_scam,
6z8hJLTjry2sMVf8u2QFthYm58fSWxEFPrC4Fx3Rpump,not_scam,
8gYmgBJEaLL6rAdip7wjsuegqqoSXJkDhbwQEAK7YRkh,scam,Минт не заканчивается на 'pump'
2x6CEd23fZUgg2RG79rL6j7wsejYcvcg7zwkFVL5nzeb,scam,Минт не заканчивается на 'pump'
4JTFaVTKHbwW5busPYtFfrY3dSuArx4RHdY2zSLUpump,not_scam,
A6TthvLoJojZ3AjGr4sUQJetscMfc1kWdGkEoa5Zpump,not_scam,
FSfGTWoo2JjdFRyux9QpFuHYVHijugVJvn864CG5pump,not_scam,
51GGb84Kc5jhYEWQWfoSquhR1bXzRkFhqgEVkXx2pump,scam,Бандл с девом (индекс: 2)
3UQNqYwBZyZz7WNmGSoyjYLuc8meVnysSCYBDsQ3pump,not_scam,
9obzC5ZB4zjxnAFSbw4JWwwkwCSgsFEeoGjpyK6DeLvb,scam,Минт не заканчивается на 'pump'
71Jvq4Epe2FCJ7JFSF7jLXdNk1Wy4Bhqd9iL6bEFELvg,scam,Минт не заканчивается на 'pump'
8nzcxwS3rJaAQWNYGSM8HokCaHUzRF93FKZte8xupump,not_scam,
FL4eKdJrVZ1dVu1RoekeQRnuPxavzD4oCcR5HTcspump,not_scam,
HZLEs4mWkHaXVttK1fZs2mTZJ9r3YVTn5u7BoYnSpump,not_scam,
2rB2wGWw9WASQoEGyHfxRb41XG3qvrMhuMUrN3rMpump,not_scam,
H1K8jjtG3feMJHkgMZyfDWXUTnvptg196YrhUQRjpump,not_scam,
B3gST7uc33DGmp6eXdYXUkAUTg1hPjk7QsLLSvBwpump,not_scam,
A2psPBbWHPtmvXp9szm7U3ucBu2frbiYcgei2xvgpump,not_scam,
F9a6fEnk4hJQKBmFjNnzFgLu6nJGDAyoCxa6fS75pump,scam,Бандл с девом (индекс: 2)
FgXNFXGFeTUv8ScvMnLwnADE13FYfxJ2rEhfmA7qpump,not_scam,
6eZ15xriyjQAmVZ85EQ7G5VQ5o8Gx9trb64Rupcppump,scam,Бандл с девом (индекс: 2)
BeDWfk9Ygdx4Vj9XZciATDGn6R7242CoxY7MxW9ryhww,scam,Минт не заканчивается на 'pump'
EHeDhJST2nH1WXKhSfSt6qPyUNjchYb4Qwc3A2P4pump,scam,Бандл с девом (индекс: 2)
5qo21vcBU7vByeiiufDNa238fm4k54CNn1ydGRwcpump,not_scam,
C2jvWhE8Nib4qWFMJzSEECupy3j75WLWromHurfWpump,scam,Бандл с девом (индекс: 2)
CBvt4Upukjt5PviWi5xFnqRYweydeD5AYs2o9R5Gpump,not_scam,
3BTduozhSMvyWnVXBQFVBMTvLzY4uF67GsMLBqWT1Wto,scam,Минт не заканчивается на 'pump'
2fttGFzxgct55W3uZXxoYKVEdckfP5TL3uFtkCTR6ywi,scam,Минт не заканчивается на 'pump'
FuMM8DS3WAGMuukr1gbdy5FxzKjYLRYKzkotGnnGpump,not_scam,
AELvgTrRNK6eMPfqaNmVs5AAnaXwM5CXCvQvrtGspump,scam,Бандл с девом (индекс: 2)
AA99YNjBLhkzwtXdWnwcayAueZNCFhw35AhcRqUwpump,not_scam,
DmbqKajofoRuCekNVSHrSeY8gqPpcLhBPz6mZ2eUpump,not_scam,
Cr1omfMi7DRfxNWJ2yas9L4jwW2m4s9AEhaAk2nSpump,not_scam,
zRqmoGYni599t3L8PzRAg9mnPb7PJkqwBZhR7rUpump,not_scam,
EJX7mMussBPb9cxTN63CdZP1edZczVcbRcsWv8uk9C9n,scam,Минт не заканчивается на 'pump'
Hv8WcWWtL18iHb5SeGTdUJ3M8MwTgCZWdYgkpoibpump,not_scam,
5bXHs1xMHJd3fw2kQyHEsCoSK1PexLov8KkUwYAnpump,not_scam,
6UiwuByao57krCG47rd5wuZnHjt2QKrveJsLRbziD8iY,scam,Бандл с девом (индекс: 2); Минт не заканчивается на 'pump'
375aiUqZERLrB9sHtsArKr4nuWCgBrtqibUDBMGeLvZC,scam,Минт не заканчивается на 'pump'
E9ku8tMeQidW8v7cpiLBkyNcTKuM6r65mCoFaBNppump,not_scam,
keKke62u6P7YZ9bF3RDjoJp8RstMhERJCwr1TD5A5J8,scam,Минт не заканчивается на 'pump'
xMT8AjFZun725LtS4UXgehSafGxYqDWQpa9XJkypump,not_scam,
J1n8Ne56viQ7gLXxQ8eS9JcwjfWStmvrikDvoQ4opump,not_scam,
9QiL3LZYie45jpzRT8Qic8U3RtU8kVwXarh2Api35aX5,scam,Минт не заканчивается на 'pump'
HDzTPAndwe5XRvReLzLdUNaNCkbVv141ELZ2AGKGCpAA,scam,Минт не заканчивается на 'pump'
3GbA5F7Sh8WsP2N119jWJfez2niZCKRAoGb1bXsgpump,scam,Бандл с девом (индекс: 2)
3FozwfrR1KYierZjaQukr1ih4QQwsAyaDR4u285apump,scam,Бандл с девом (индекс: 2)
ppPaBdccmWsVPa4UsZAZhwU4h3zND4RRt8RviZq24JU,scam,Минт не заканчивается на 'pump'
HnqvkvuB5Tv6GYaojPKNFwB8wq1EBFejMYidTzSGpump,not_scam,
4u6AF2p3HvwCZpBPtnoriVnCuCpxBnqE4DpZPL1dpump,not_scam,
39Xyr2JBp9zVECQjcd3SNWWq5M82bqpKRtNXb28Lpump,not_scam,
GdG9oV8Q4Wr17StgceCDa4ZfYDiiJPBwNXfghqmLpump,scam,Бандл с девом (индекс: 2)
HSrsfsVgT7dsaZCL9xoGUdkgFX8GQfTG7ozCQsNao2U,scam,Минт не заканчивается на 'pump'
FzG1CfqPDxnjbk4YxYXgbNxR4bBPUXPWJZSTePynpump,not_scam,
2iVYKkYvQwK4fJnFCkBtTrYZP8AXrBHXFuo9u6ofpump,not_scam,
2XGT169caZP8Mb8temrCKiermdU9oWo7NqFzVT9cyFsR,scam,Минт не заканчивается на 'pump'
4Nw4FzpUuNmGc5J7eKm1nvWtxqTVUx9kkKr7vWpEpump,not_scam,
277jJBJatkzZkNoWzQRVpAFB4xcJiM9eNszW9iofpump,not_scam,
D3gFdYnxTYyKqPAW6MEDhyZf9MQ4TeeqRd4hbbdgpump,not_scam,
6XozA2mgJMw8MsVJNmJkF9QKP2hAHRSyEMAm621Gpump,scam,Бандл с девом (индекс: 2)
29qc2JvgVVaWr4pxFM7B4kubA6JwWWZmsefQZravpump,not_scam,
2Rjw14eA9JW39YDK9F6389SG2imyg7wPeNj3JXfApump,scam,Бандл с девом (индекс: 3)
GoMgmffXRYYNEG3CJHVezP22sAYeCxduYrHCM9yGpump,not_scam,
JCYZxTZoA4P2jFbLkaRsBefQCyLVKnb4QnL17jBhpump,scam,Бандл с девом (индекс: 2)
D5UiSnK9RDYXkxKqKxt7wyPMCbAaQzWXXpvMNbxzpump,not_scam,
9RiqsJW85yDicJSFsWwzuuAoaZXG6SuX352PSPSGpump,not_scam,
Dwv541mshZXizKczMYxxPK2BzHceienKVZSZujevibe,scam,Минт не заканчивается на 'pump'
H95KMNYb6hhHwUMJjLdVBxps141v6e83p3UqGoB8pump,not_scam,
A5xodS8W4hnPgQRbgQQR9cq5vGjUruLfhVjnBvvinrQJ,scam,Минт не заканчивается на 'pump'
4HXnbG6umimVSsBqW84XxfrPm4FcnZneH2SiTycUpump,not_scam,
CHg7EXW4ARCWhd58XyfRfLqVtHqSqiDvrEXxqFuSpump,not_scam,
3v6mvg7u4BMi2HrHSLfrM8HhqMziwvwmsXDABFfTpump,not_scam,
D7v5pvHQEqNn2X13hzwec7YTHn7S2pjX4jWX7UKXpump,not_scam,
2aaocbcdKq8n7H5KNTA4Fbtb5Ki3PeCu9KVe9rUcpump,not_scam,
4EfGdVTziKgLmuk7e5vFg2GsrtYyS2x4jPViGfCGpump,not_scam,
AFQKJh4j7kE4ExxDmGnED3fzWF1wPXJZv5Z6ZjNipump,not_scam,
DkfZq9rbFkFH2k3i7LUd2gV6TzhoPSyzaNKTJyuGpump,not_scam,
7A7yHMZcyXBmzywDe77bRE6MAPaqGCXxbBMMkYxZpump,not_scam,
4cingNozRNJw3mNG16XF2ZWmKyFy8MDAJ1VTti2Kpump,not_scam,
GfPgzVDWFa1X6vMMto8HcD8dfYstdsg1EgZSnTdBpump,not_scam,
E481BDQ4UZxz75dGF9nbPT4BcDREjx9PmX8eoU1opump,not_scam,
AfT7sTfL4V6YbNoPspDLAz7KsLjUpaEqX9yKk5vKpump,not_scam,
DZoEBAxuKL4pS1L1bvzMUQnWiHBRaX5iD13bT33Ypump,not_scam,
wCtiCRJz69a5Mqkk2nHmvQwBGQCrUvM8fELoFGqpump,not_scam,
HE5mdLS6PvyHm3c1AfDbVKWKKBQ9Qbq5vezs9wjMHcgZ,scam,Минт не заканчивается на 'pump'
5fJEhh2W82CqDSgvA6bwqgPmAhivpqzqCTpVgfMCpump,not_scam,
EzEXf8mecMqeTfyg9oCsxnZn3kcsjKHuFYcp68aqpump,not_scam,
BrJURBTDDS8agy3eHMjzKDXw5QQW6BtaC6paJPcYpump,not_scam,
EwBnEi48BsohP7ed9sNbmWM7DczkntadiUSDmBvixRho,scam,Минт не заканчивается на 'pump'
ASnJbQUk6tzYqkyYSuhw2M7hru4doTkwBnvod46Ypump,not_scam,
8jCDYs98953P8iMy1M6TdtYZ7ntH5vZsgZQuUNoQpump,not_scam,
9pZEwaDo53jCEMqTfpQqKFQYMrBwBJnYdLshs9FSpump,not_scam,
67TrTj3uEkYU3o6SEWK4DevQ9zPYauFxfCStcXTVpump,not_scam,
9zxC7GoHrw3hBeur2ChQNW3XsbBJ692Q8dq9bJnCpump,not_scam,
6mEhxxL8bqtghZSEgJGwQ5NzCReMAVR93Hr9TfCLpump,scam,Бандл с девом (индекс: 2)
8eYhqqGUkXHEAQYNGYnrwPTR22F9Z5PL38c2ePKwpump,not_scam,
8RDHqC6mviHMqy7rQGbzqqyAuhaJ2djUapXTTVCgofjc,scam,Минт не заканчивается на 'pump'
72Sq3dAZcFkzrHUXozBDspxoqfM7UmUWJVZwXtSipump,not_scam,
2gcTWzjXBUr87Zih5qHRupHmgPfciBbLmXVmBFWspump,not_scam,
GoYj8PG6M1hW139CVDJgkwbahWMd2kBzEK3u4Mezpump,not_scam,
FNznyYMZfjVXVVYhDWrxPeQv63F2WowJhQMj2Nnvpump,not_scam,
3KoSKZ3HVprSMjiBvHZbbkveya4CxGFqxYVFKoJYpump,not_scam,
BFYsUjLhkhd6PhrMS57VmsDh3vYg9NEkyhvobqmYELni,scam,Минт не заканчивается на 'pump'
GR953ogQM77oHT7HHVLeCpaunnP6B7vYTMsR41Mnpump,not_scam,
6454rNGsbWoJhRSuzKmkPhN53uhCNrbrNoW1MPKjpump,scam,Бандл с девом (индекс: 2)
AH8YQND9MJYSjqKsE9agYhsTBZW51fyn45NoqrYZpump,not_scam,
64kte9xSLanRBF6rZiQ6TTHG7E1XjSjmg6HFuSm1pump,not_scam,
GNp2Vzrf5VfjA1vRF7MyzpcC3YfF8LEiJLY7rNsRpump,not_scam,
AKGyD5AzwJimGFqLVVCeVBxChbSKG6RCJre7h8Sfpump,not_scam,
2DjfN8uzWccbEupEfMxUQ4KibcVEUxSJu4ivasiRXFoc,scam,Минт не заканчивается на 'pump'
9YQ6asLAEBGJb9h9wo6mqQzYdLJNATy2JsECZpG9pump,not_scam,
DSe3kKyUYNjgzsrHf9kFwBu3giLYYH7k4xDX88WSpump,not_scam,
HFVATKfwnVaCCYLpTbghssZVhYeYW1XA3f1QKSTSpump,not_scam,
CShXCCyzX6KZVxM76sAVJADE8XZUyyNR6GFBZ3Dmpump,not_scam,
3CnNhMhhnX6Yhhqa8GAyH5BbEFZFzV79Nb8eM9aNpump,not_scam,
C3eEDa2pmsxcs686BiGCfaWLSESv6TcVaonaRasFpump,not_scam,
zhvVE5eymMNdshUgS794gpfWZiYnn3RejbGXiT6pump,scam,Бандл с девом (индекс: 2)
GqyC4bPDfu5kAHnpWaa2pZ69Zkd3HQtn4ivffUCppump,not_scam,
94VyEJSk2drtbg4jNj4WGQzrFzb7HQN7NQVEXwf4pump,not_scam,
Fph6nBYsSkH26EKiVR6senc58ks4eA7ZjeYm3gTA4F76,scam,Минт не заканчивается на 'pump'
DQRQX1xYSqqqDpbYgP85oSsQBZU7yCi2CDFHtdSdpump,scam,Бандл с девом (индекс: 2)
2BXqSdZdmkdXU8hThjJtWKvVjDRrDRVC7XcbzWxibrLx,scam,Минт не заканчивается на 'pump'
EiZwfJ3VcEGSiKDDxP5PrWaefiK6zQZSLXmn1G75pump,scam,Бандл с девом (индекс: 3)
Gop27UVLvjXCTxE8GzcmXyEYEe7MmHwCAmWg9Dow3REV,scam,Минт не заканчивается на 'pump'
mcQH5ehZHCaC6MNdv1fy9ZrntxqWmZBYnk8CM8rxRoX,scam,Минт не заканчивается на 'pump'
DLMxmZmJGZY9wfUSwawez1dXZ9KSUVGVkHL1KC9Spump,scam,Бандл с девом (индекс: 2)
4G5km686GxYKGAHoTMJ1hKgocwQuQvKsQpENRkXtpump,not_scam,
7MLpK1gEvCQcheTXDEBBQ7QAiMypMb9q2M1oR7k4pump,not_scam,
CCwzkNJGNPF4SJKWHpwpYuc646WucEwwzwaRNBXfpump,not_scam,
D3DcvZCWiNW2Gss8bMBXYSV3Winz4uaCifxB1ss5pump,not_scam,
P3uApC2sS6LLXXrBPeVuj8TV56rqdu22TFyw95cpump,not_scam,
5mK2ERbTSWgbfn63wAaXTXRmqJA4DejZCpVLv8uF4pEw,scam,Бандл с девом (индекс: 3); Минт не заканчивается на 'pump'
GsxVWYiChG6QpEdNnUqQUzcaed2CUbAJmMmEgds7pump,not_scam,
2oqHQ93MyRKQUYhAyicXmRiehxj1eeNbHqLutEmjpump,not_scam,
ACgfLoNG67CqiGKc53m8B7jbDiaqjiAW1wfeoxzApump,not_scam,
DezXAZ8z7PnrnRJjz3wXBoRgixCa6xjnB7YaB1pPB263,scam,Минт не заканчивается на 'pump'
7uY5TWM3KSBAh9ctgpqJUXWFfYyzBA2JEezs3Psqpump,not_scam,
EPn9EY4JDxLRK3oJXgt7bF9Ka6T483K39Qeoghgxpump,not_scam,
CFhgTUXw7of3PYdbw3YrPeE9EVzVGo435i8FEmd8dr6w,scam,Минт не заканчивается на 'pump'
7qkWvxWSXRoGKMo2yFJLfHZuPJRYXtjnnw4Lwyfppump,scam,Бандл с девом (индекс: 2)
HP4jDTwd721tmEHFhHtQ6gMkqCqNbVSB5umxLLeGpump,not_scam,
7TTRbTydJQXiNWeMzFkJCkqY84QTYaajWRBVsfHVpump,not_scam,
8W9oaytUBubhFQTMox5bWfR5rdhUjqrzhMT1mtdGpump,not_scam,
ER1D4vFjFc7yQPCzxLf5PP8f3JpAN6yzsNEyrGvSpump,scam,Бандл с девом (индекс: 2)
82AqnBTPeVbuG5UeMY5rtCujXcMaEZGhVs54U3NxGvr8,scam,Минт не заканчивается на 'pump'
EN66LDs93mDBFsUQgXkr55eT5RP361xt2vBUZL3bpump,not_scam,
4coEETRWjXtnnu6zaad6rqYd25FxCfC8LMq98rsPpump,scam,Бандл с девом (индекс: 2)
5Hc74CvY53CpevokUQjCnhkicDUs5MPwUU4PYP7kpump,not_scam,
G2be5vZ2hJ5NFJH4VGRL2kJTbwVrzAx6VwG5MY7fpump,not_scam,
8tiQYBYBesRcNRuqChjFQnV6wziTGKCE84DYhgBspump,not_scam,
8k67YEdeC5DiLLYAGDL3EYZfYcf488kvbtJzBG5fpump,scam,Бандл с девом (индекс: 2)
FskToWbs3LbydPCJmeddqfdf3YZa8YLjkcobNCZBwP56,scam,Минт не заканчивается на 'pump'
DA5xAN2HAso59MMZks3f6iAwkKKu7Mwxkw4rjgUkpump,not_scam,
HdweauMXpZisL5p9iPjHPtEjVJMsGfwB5XBAUhFHpump,not_scam,
G5rRX8HaoCtu2ajvzCTj2UxtSpMaJWiPEemcyUz6Qk89,scam,Бандл с девом (индекс: 2); Минт не заканчивается на 'pump'
FbQYjLEq1vNCszmxmxZDoFiy9fgyfdPxzt9Fu5zk5jJ4,scam,Минт не заканчивается на 'pump'
6UJAtWhLS9v4sYJHwJMacP5eBvaG9wyTw2xUQsQLpump,not_scam,
APGGMnGfqHnnGLZ4QB8uoX56Mjmxek1xiuTtRW7apump,not_scam,
78AqgJxRviTTyjfn6AE3YRe8ef7iDJ7vzTRchwFHpump,not_scam,
5AUP3ykQq5oXU4qyTjHasV1DteuXzKgKua8mPSbRpump,not_scam,
6poL68a6YCX4AtW1ePZx2LyiVPrycavZ6poxXSddpump,not_scam,
ECU7DxzgsYqSLpXUSAQ7xF21ehX3oxcB497ermoxpump,not_scam,
3vxBBu1h5nhXwJhBkkuBSMzY3BN6HUSB5aCW3ESSpump,scam,Бандл с девом (индекс: 2)
5dGazhrfLaLh96kLFA2D5uwzHffe1v8uGQdY9Nfqpump,not_scam,
8F1eVmRN5WgpdQjvYxdAaeHLpGZbCN9gMwcUYAAdsd7J,scam,Бандл с девом (индекс: 5); Минт не заканчивается на 'pump'
6NSUW1Hn9hELAJPnbcuRAp4LyqX5NJXa5t9MbAkcpump,not_scam,
BaKUxAPG1MAFWuGWCANVD5N3CX3xfB3WjEcqP5Crpump,not_scam,
FKu2pJyMr5oJZsxiKPpXJwJzLzqtbLA7mq3ndWF28qNp,scam,Минт не заканчивается на 'pump'
DpBGsckjDyp5DBrrCVpzbo2uGkWfvV39q5j6k9udpump,not_scam,
9DxBcFkKKLEUYqh1PHT7JAzthoMF5cDzkpoCf9HYpump,not_scam,
8AS3mGqiZa6dHDWgcChEsxadjY7S6AFGNqFtssYepump,not_scam,
9Eufcq8yqukb4A9eUTAXrRpzB7aKTdAuUnqe75ttpump,not_scam,
8ExbfdNnLhBcztoTc1pBu51aWVhMzweVvHmTaSRWpump,not_scam,
CFUfekMPpvi5u55hrVesTqAfET5E3sh4dhz6Jsaqpump,not_scam,
CmWUJqhTTrqJPyNuDQT3xtcu2DgNWuJzyYD4xMjTpump,not_scam,
6njAoapMYzAZrK4pVCZtyJfG6JGopP8s8y4rN1kmpump,not_scam,
4M6Ruga8PMFvJh7snEnNAy4kxqLqG7mPadqEiZdg3hff,scam,Минт не заканчивается на 'pump'
4Xnuzdhji5nzMFLAV2mgooFrfMx2oEazcCfpTZ9Tpump,not_scam,
4Rr7ZqdQcgAYePzHzWNCdKx8hZXi9CEyPXTfc6CDpump,not_scam,
F4m4K1DuzwTcEWJsAjiTck7fpwDVnNG9epBGiUfrpump,not_scam,
BhAN8X1fsc7ZCQD9ELyPZRQMm3sFNH3S2PiiGyifpump,not_scam,
9NzgQRh5pvv4jEJoqGRZAA9druPhCFZVj2opaU6wpump,scam,Бандл с девом (индекс: 3)
6FjVoAPDJ8R3oCo4EZkqv1yi9FMjk62YaJSKKzZVzwAL,scam,Минт не заканчивается на 'pump'
GdGFRiN3JmhLFbQGKVkdEdLEw8U4ZrjK8P9gRV3vpump,not_scam,
2fDjc774bnVoPtU9RSqkRWGxLxqvNeUgf5NL27Eqpump,scam,Бандл с девом (индекс: 2)
WNnqZtKLrSFwgBp5gKTXDU1fLPfEpbVCz1TtqTCpump,not_scam,
7nCjgTWFjgAJzttziNu25X6PykLwBD4SmmprxL4gpump,not_scam,
BwRbc2HCu89uiQPRsf2s76sVxLEU6tW3uDxNnLQbpump,not_scam,
B2NXs4fXoxC4yXQs3UW8Y2XMbzgLVVg8GDbnugMMpump,not_scam,
BDCN35Yw1cE2jsiWHBQwfSBbWHcxWtcKAnwqamdTpump,not_scam,
eeLGcteMyfRiipfwSv7wvo4JeWGQBgvPcLdXqXNpump,scam,Бандл с девом (индекс: 3)
USCRdwZP5UkKhJzhWuD7XjTUviHBtZJbLG7XpbKng9S,scam,Минт не заканчивается на 'pump'
HRyQkGetEj68bD2NzXxRgdCEo7Ukj9Bx9vyVE257pump,not_scam,
FR5gZbs2hrVU2DLqXzWgCgpJKC4EY2H38A6V3a2Apump,not_scam,
FEz6pwDp7vHGLyQftDTAARGHeBLyY6AjuXR2jJotYVnY,scam,Минт не заканчивается на 'pump'
7gfcz85HLsSkZVhwVvwYwi3uxSvNEQnuZ5AXe2i3pump,not_scam,
5BCTqesC7EKWdGzepDv4zHriWSV1mnPitLMLGtVBpump,not_scam,
HTnRD9KatuZnUkqAQc7dpfZWKTsnRnG9GpKuHiT2pump,not_scam,
EvNs4L6LKWutDvTxAdNWZMJpW5bH84zi12tpNHpipump,scam,Бандл с девом (индекс: 4)
CAqjJFzDPD9DMKzvj1rYsZiertjqd41E38yMSDsxpump,scam,Бандл с девом (индекс: 2)
2rL78oDEoDRcSh4BBYnXSko6LvvPFmLdFpWvteWLpump,not_scam,
Gp5aN2bxNJ5RUSmGqY325koF2xQgJX8tz3NfvkrUpump,not_scam,
6cWwdcrFY5JSw7aqx4LPUqTLT2T97i9X5CVfNwvbpump,not_scam,
DjWC52H4dA8DHtfeQaNXWGdypgWvk7ocFexzMzeRpump,not_scam,
DQRqDfxgTaKHj1hchiWwuZDWqcoWWuqKmoNC4Na4pump,scam,Бандл с девом (индекс: 3)
NyZb3BRLZ61Nado36zufifaGpe7DCjnuNnsQg8epump,scam,Бандл с девом (индекс: 3)
RZuxVPVuvKas7qP5978A8jnaHjiB41UpsVLULM2pump,scam,Бандл с девом (индекс: 2)
JDYVeskjNcucMqhPw8gTmsgLrwEp5QvPKodprx5Lpump,scam,Бандл с девом (индекс: 2)
4nKDwsr9di1vNTs5WNiA93J2es9Leon12L7hXJHRrobo,scam,Минт не заканчивается на 'pump'
7VbtnYpnTQCE6o77WHaMWbFRYYqM535d6YinwJgypump,scam,Бандл с девом (индекс: 2)
64ee9VraNhs4ovY4qhDbW5JStE76uAK2HbXm8tQepump,not_scam,
Gaemzp4XJ8cmZQfTqbeG6D3z7uEzfa7RUA5n6qQapump,not_scam,
5Z4RkDxjv8R7kpVRWEiytih59PP7a2ftXyGiFjxMpump,not_scam,
5E4bzTcmF2q4yNV5JUfLLRV9PV4LMXeisTaxQbBqpump,not_scam,
A528YnC2q7TKQ7XpUJvxZS2TBUwxXJY8vYUEvAo4pump,scam,Бандл с девом (индекс: 3)
5K8NVDfbPPzHaQQNLm87YGdbkheytBCjL9JP6TWmpump,scam,Бандл с девом (индекс: 2)
67PhCTm3V7ZXF9D9heQY7SfVwTbkS96tznmqaxb4pump,scam,Бандл с девом (индекс: 2)
AbmuJjtksyLTcBF57EeMKBXqzTRZPGhTQEiaUFZbQsBT,scam,Минт не заканчивается на 'pump'
Huv2Pa3GWdMHDLCQpcS7QMSJRgjJEkZ1sXyYqGYopump,not_scam,
BkuqHbJLLo14TwE7wT2M5BBLSMsJJJnLXFAmb5xXpump,not_scam,
B9BNP1R9JTDdKkMCedJzd762SuXtDWdn8rHXM5EHzVGE,scam,Бандл с девом (индекс: 3); Минт не заканчивается на 'pump'
Dj7skVEvq3iY9vivswYdjdK8zS4SPKMvxLXf2eHDv74w,scam,Минт не заканчивается на 'pump'
9nVJfM5e2mLAka4QMT4QbBroRdDK9gLfMWo46CwFUA5W,scam,Минт не заканчивается на 'pump'
DeRzes7FSpUXXZUJUtMpzzELBD22uxzSfUe2xnHkpump,not_scam,
EN9CdGLRWQZeafSdJV8FhBMYmTd8hW1wGNL9qXYPpump,not_scam,
CFNWHeUN98qLGWaqbMkEKZThN35GpznUWSwfFpqNpump,not_scam,
GswKjk6HRhSGzx6zvUq3vZPhTfYuHzPLX5oP6oXDpump,not_scam,
efo3tjhZBJHYNMxStPC2RXR6HcNy9N8VMdpUxCopump,scam,Бандл с девом (индекс: 2)
Ew6KyVxcchzfBRyYLh6kar1oQ9SVpjBrVyuHvPbkmdAP,scam,Бандл с девом (индекс: 3); Минт не заканчивается на 'pump'
Dwc6HmvQi8GLo7KEBsNzG38y6FLMytXDtpegf9Aepump,not_scam,
6DJRNVrf9nFspXVZr7Rxa7tJZdXnXSsqGiAByjUvpump,not_scam,
8uMrMpyWaNinzRy1KN76FEEWvtq4XoQVwV9qh2Cxpump,not_scam,
q2bf2c8r8ixgBU128XheNqyWKv1jWxTBkG4vpTNpump,not_scam,
8ziSgqaX7aGgTNUf1TEkPUE2SjLAnpgAcQjAEWnYpump,not_scam,
DJ4YYzg1ETtNByNhnqrBUvdMEBdGGVQ7gS5LX9hvpump,not_scam,
63gG6zHi4dnV5zt9CxHXiiS6KU5MG7sGZvvx2ZSCpump,not_scam,
2n6xX7sK4tDg4fzGgZtStHfz45kpMc8YXEa9bQgzh9Pg,scam,Бандл с девом (индекс: 2); Минт не заканчивается на 'pump'
FdDxQUUsBVLJ92rrhad1uGFi85o6sGpj8gKme2bhpump,not_scam,
GFjN2J8LqtW3coM34BmmsApuRwV1nSQuNoUD7jSuSHtC,scam,Минт не заканчивается на 'pump'
5zukaCHFzysymZjM3b1TnWg9h8iJLCd2yWZ9oFFUpump,not_scam,
5o1SJRptNqe3ghdAwmhmDRyvrfsGGaavdP2gZKQJ9Uc2,scam,Минт не заканчивается на 'pump'
uFgVXKuuc7e7SDWYT9CDiLvnSvFML9EUtnxkQTzpump,not_scam,
57SaJJragF4qRVHqBnfTXLDgj6WupCHRaPtp8kpBpump,not_scam,
36kxKxSRYPCaotnRvvZnUZVGao3S2DfKumvjigo3pump,not_scam,
E2KFwJZHDfzw628yv1SPCMUibvgbxYNWK4acyvqbpump,scam,Бандл с девом (индекс: 2)
9ZZ2oWCWwhqbFZhDQdnymjcq7wUSU1kknypRwz3ppump,not_scam,
C5Ab5mofWyvfinbGtTwEviuiMpmF2LLKbrbvVC2qpump,not_scam,
3AgnHXESvPCydxc9KmXs9UsQ439C9pFFXQDVAjKNpump,not_scam,
9Vvfkh6yjbU9AiQYzwLdg8345bPkF2wxV9XJELWfpump,not_scam,
HDbGNrHYCMBcoQkTPoY37u5mnCe7UeXALdyPWYbZpump,not_scam,
oKjXiwJ9iTMsB8PD29jKibCrm9bSkk6i6FEnuqZpump,not_scam,
4ARP1oiaSPr7qnbzJaZ3xnzPnrmsddZARXnRVVXnpump,not_scam,
66mtLaKPWNnTDVmzMdMdDHUPTjnaQVYmhcsMpcv5SuUx,scam,Минт не заканчивается на 'pump'
